id,start,end,route_id,lat,lon,idx
51661,Hotel Galilei Pisa,Conad Metato,route_2010,43.69324,10.38662,0
51662,Hotel Galilei Pisa,Conad Metato,route_2010,43.69557,10.38764,1
51663,Hotel Galilei Pisa,Conad Metato,route_2010,43.69573,10.38775,2
51664,Hotel Galilei Pisa,Conad Metato,route_2010,43.69582,10.38784,3
51665,Hotel Galilei Pisa,Conad Metato,route_2010,43.69587,10.38794,4
51666,Hotel Galilei Pisa,Conad Metato,route_2010,43.6959,10.38802,5
51667,Hotel Galilei Pisa,Conad Metato,route_2010,43.69594,10.38808,6
51668,Hotel Galilei Pisa,Conad Metato,route_2010,43.69602,10.38814,7
51669,Hotel Galilei Pisa,Conad Metato,route_2010,43.69611,10.38815,8
51670,Hotel Galilei Pisa,Conad Metato,route_2010,43.69617,10.38813,9
51671,Hotel Galilei Pisa,Conad Metato,route_2010,43.69622,10.38808,10
51672,Hotel Galilei Pisa,Conad Metato,route_2010,43.69632,10.38803,11
51673,Hotel Galilei Pisa,Conad Metato,route_2010,43.69638,10.38803,12
51674,Hotel Galilei Pisa,Conad Metato,route_2010,43.69653,10.38806,13
51675,Hotel Galilei Pisa,Conad Metato,route_2010,43.69779,10.38864,14
51676,Hotel Galilei Pisa,Conad Metato,route_2010,43.69794,10.38869,15
51677,Hotel Galilei Pisa,Conad Metato,route_2010,43.6985,10.38892,16
51678,Hotel Galilei Pisa,Conad Metato,route_2010,43.69871,10.38897,17
51679,Hotel Galilei Pisa,Conad Metato,route_2010,43.69895,10.38902,18
51680,Hotel Galilei Pisa,Conad Metato,route_2010,43.6992,10.38905,19
51681,Hotel Galilei Pisa,Conad Metato,route_2010,43.69932,10.38913,20
51682,Hotel Galilei Pisa,Conad Metato,route_2010,43.69937,10.38917,21
51683,Hotel Galilei Pisa,Conad Metato,route_2010,43.6994,10.38925,22
51684,Hotel Galilei Pisa,Conad Metato,route_2010,43.69944,10.3893,23
51685,Hotel Galilei Pisa,Conad Metato,route_2010,43.6995,10.3893,24
51686,Hotel Galilei Pisa,Conad Metato,route_2010,43.69955,10.38928,25
51687,Hotel Galilei Pisa,Conad Metato,route_2010,43.69959,10.38922,26
51688,Hotel Galilei Pisa,Conad Metato,route_2010,43.6996,10.38916,27
51689,Hotel Galilei Pisa,Conad Metato,route_2010,43.69977,10.38903,28
51690,Hotel Galilei Pisa,Conad Metato,route_2010,43.69995,10.38902,29
51691,Hotel Galilei Pisa,Conad Metato,route_2010,43.70017,10.38897,30
51692,Hotel Galilei Pisa,Conad Metato,route_2010,43.70059,10.38883,31
51693,Hotel Galilei Pisa,Conad Metato,route_2010,43.70098,10.38865,32
51694,Hotel Galilei Pisa,Conad Metato,route_2010,43.70116,10.38855,33
51695,Hotel Galilei Pisa,Conad Metato,route_2010,43.70152,10.38831,34
51696,Hotel Galilei Pisa,Conad Metato,route_2010,43.70195,10.38796,35
51697,Hotel Galilei Pisa,Conad Metato,route_2010,43.70218,10.38777,36
51698,Hotel Galilei Pisa,Conad Metato,route_2010,43.70243,10.38759,37
51699,Hotel Galilei Pisa,Conad Metato,route_2010,43.70275,10.38734,38
51700,Hotel Galilei Pisa,Conad Metato,route_2010,43.70284,10.38726,39
51701,Hotel Galilei Pisa,Conad Metato,route_2010,43.70302,10.38699,40
51702,Hotel Galilei Pisa,Conad Metato,route_2010,43.70308,10.38696,41
51703,Hotel Galilei Pisa,Conad Metato,route_2010,43.70312,10.3869,42
51704,Hotel Galilei Pisa,Conad Metato,route_2010,43.70339,10.38672,43
51705,Hotel Galilei Pisa,Conad Metato,route_2010,43.70371,10.3866,44
51706,Hotel Galilei Pisa,Conad Metato,route_2010,43.70409,10.38652,45
51707,Hotel Galilei Pisa,Conad Metato,route_2010,43.70729,10.38573,46
51708,Hotel Galilei Pisa,Conad Metato,route_2010,43.70739,10.38574,47
51709,Hotel Galilei Pisa,Conad Metato,route_2010,43.70837,10.3855,48
51710,Hotel Galilei Pisa,Conad Metato,route_2010,43.70852,10.38545,49
51711,Hotel Galilei Pisa,Conad Metato,route_2010,43.70865,10.38544,50
51712,Hotel Galilei Pisa,Conad Metato,route_2010,43.70871,10.38549,51
51713,Hotel Galilei Pisa,Conad Metato,route_2010,43.70875,10.38551,52
51714,Hotel Galilei Pisa,Conad Metato,route_2010,43.70879,10.38552,53
51715,Hotel Galilei Pisa,Conad Metato,route_2010,43.70883,10.3855,54
51716,Hotel Galilei Pisa,Conad Metato,route_2010,43.70888,10.38544,55
51717,Hotel Galilei Pisa,Conad Metato,route_2010,43.70898,10.38537,56
51718,Hotel Galilei Pisa,Conad Metato,route_2010,43.70908,10.38529,57
51719,Hotel Galilei Pisa,Conad Metato,route_2010,43.70928,10.38523,58
51720,Hotel Galilei Pisa,Conad Metato,route_2010,43.70998,10.38502,59
51721,Hotel Galilei Pisa,Conad Metato,route_2010,43.71043,10.3849,60
51722,Hotel Galilei Pisa,Conad Metato,route_2010,43.71106,10.38465,61
51723,Hotel Galilei Pisa,Conad Metato,route_2010,43.71172,10.38437,62
51724,Hotel Galilei Pisa,Conad Metato,route_2010,43.71177,10.38437,63
51725,Hotel Galilei Pisa,Conad Metato,route_2010,43.71182,10.38436,64
51726,Hotel Galilei Pisa,Conad Metato,route_2010,43.71262,10.38783,65
51727,Hotel Galilei Pisa,Conad Metato,route_2010,43.71273,10.38822,66
51728,Hotel Galilei Pisa,Conad Metato,route_2010,43.71275,10.38828,67
51729,Hotel Galilei Pisa,Conad Metato,route_2010,43.7128,10.38836,68
51730,Hotel Galilei Pisa,Conad Metato,route_2010,43.71286,10.38841,69
51731,Hotel Galilei Pisa,Conad Metato,route_2010,43.71292,10.38844,70
51732,Hotel Galilei Pisa,Conad Metato,route_2010,43.71297,10.38844,71
51733,Hotel Galilei Pisa,Conad Metato,route_2010,43.71301,10.38844,72
51734,Hotel Galilei Pisa,Conad Metato,route_2010,43.71319,10.38837,73
51735,Hotel Galilei Pisa,Conad Metato,route_2010,43.71324,10.38836,74
51736,Hotel Galilei Pisa,Conad Metato,route_2010,43.71326,10.38838,75
51737,Hotel Galilei Pisa,Conad Metato,route_2010,43.71327,10.38842,76
51738,Hotel Galilei Pisa,Conad Metato,route_2010,43.7133,10.38857,77
51739,Hotel Galilei Pisa,Conad Metato,route_2010,43.71332,10.38861,78
51740,Hotel Galilei Pisa,Conad Metato,route_2010,43.71337,10.38876,79
51741,Hotel Galilei Pisa,Conad Metato,route_2010,43.71341,10.38881,80
51742,Hotel Galilei Pisa,Conad Metato,route_2010,43.71346,10.38884,81
51743,Hotel Galilei Pisa,Conad Metato,route_2010,43.71349,10.38879,82
51744,Hotel Galilei Pisa,Conad Metato,route_2010,43.71368,10.38866,83
51745,Hotel Galilei Pisa,Conad Metato,route_2010,43.71541,10.38785,84
51746,Hotel Galilei Pisa,Conad Metato,route_2010,43.71552,10.38782,85
51747,Hotel Galilei Pisa,Conad Metato,route_2010,43.71563,10.38783,86
51748,Hotel Galilei Pisa,Conad Metato,route_2010,43.71573,10.38784,87
51749,Hotel Galilei Pisa,Conad Metato,route_2010,43.71589,10.38791,88
51750,Hotel Galilei Pisa,Conad Metato,route_2010,43.716,10.38799,89
51751,Hotel Galilei Pisa,Conad Metato,route_2010,43.71818,10.38945,90
51752,Hotel Galilei Pisa,Conad Metato,route_2010,43.72147,10.39162,91
51753,Hotel Galilei Pisa,Conad Metato,route_2010,43.7218,10.39181,92
51754,Hotel Galilei Pisa,Conad Metato,route_2010,43.72197,10.39191,93
51755,Hotel Galilei Pisa,Conad Metato,route_2010,43.72264,10.3922,94
51756,Hotel Galilei Pisa,Conad Metato,route_2010,43.72271,10.39222,95
51757,Hotel Galilei Pisa,Conad Metato,route_2010,43.72283,10.39223,96
51758,Hotel Galilei Pisa,Conad Metato,route_2010,43.72295,10.39222,97
51759,Hotel Galilei Pisa,Conad Metato,route_2010,43.72306,10.39219,98
51760,Hotel Galilei Pisa,Conad Metato,route_2010,43.72369,10.3919,99
51761,Hotel Galilei Pisa,Conad Metato,route_2010,43.72486,10.3913,100
51762,Hotel Galilei Pisa,Conad Metato,route_2010,43.72489,10.39135,101
51763,Hotel Galilei Pisa,Conad Metato,route_2010,43.72494,10.39137,102
51764,Hotel Galilei Pisa,Conad Metato,route_2010,43.72497,10.39185,103
51765,Hotel Galilei Pisa,Conad Metato,route_2010,43.72497,10.39193,104
51766,Hotel Galilei Pisa,Conad Metato,route_2010,43.72495,10.39213,105
51767,Hotel Galilei Pisa,Conad Metato,route_2010,43.7249,10.3925,106
51768,Hotel Galilei Pisa,Conad Metato,route_2010,43.72469,10.39364,107
51769,Hotel Galilei Pisa,Conad Metato,route_2010,43.72409,10.39685,108
51770,Hotel Galilei Pisa,Conad Metato,route_2010,43.724,10.39723,109
51771,Hotel Galilei Pisa,Conad Metato,route_2010,43.72359,10.39853,110
51772,Hotel Galilei Pisa,Conad Metato,route_2010,43.72347,10.39894,111
51773,Hotel Galilei Pisa,Conad Metato,route_2010,43.72284,10.40176,112
51774,Hotel Galilei Pisa,Conad Metato,route_2010,43.72371,10.40559,113
51775,Hotel Galilei Pisa,Conad Metato,route_2010,43.72411,10.40731,114
51776,Hotel Galilei Pisa,Conad Metato,route_2010,43.72438,10.4084,115
51777,Hotel Galilei Pisa,Conad Metato,route_2010,43.72441,10.40848,116
51778,Hotel Galilei Pisa,Conad Metato,route_2010,43.72446,10.40882,117
51779,Hotel Galilei Pisa,Conad Metato,route_2010,43.72444,10.40889,118
51780,Hotel Galilei Pisa,Conad Metato,route_2010,43.72443,10.40894,119
51781,Hotel Galilei Pisa,Conad Metato,route_2010,43.72444,10.409,120
51782,Hotel Galilei Pisa,Conad Metato,route_2010,43.72445,10.40904,121
51783,Hotel Galilei Pisa,Conad Metato,route_2010,43.72447,10.40908,122
51784,Hotel Galilei Pisa,Conad Metato,route_2010,43.7245,10.40912,123
51785,Hotel Galilei Pisa,Conad Metato,route_2010,43.72453,10.40914,124
51786,Hotel Galilei Pisa,Conad Metato,route_2010,43.7246,10.40923,125
51787,Hotel Galilei Pisa,Conad Metato,route_2010,43.72461,10.40929,126
51788,Hotel Galilei Pisa,Conad Metato,route_2010,43.72461,10.40939,127
51789,Hotel Galilei Pisa,Conad Metato,route_2010,43.72457,10.40954,128
51790,Hotel Galilei Pisa,Conad Metato,route_2010,43.72457,10.40959,129
51791,Hotel Galilei Pisa,Conad Metato,route_2010,43.72459,10.40963,130
51792,Hotel Galilei Pisa,Conad Metato,route_2010,43.72463,10.40966,131
51793,Hotel Galilei Pisa,Conad Metato,route_2010,43.72467,10.40966,132
51794,Hotel Galilei Pisa,Conad Metato,route_2010,43.72473,10.4097,133
51795,Hotel Galilei Pisa,Conad Metato,route_2010,43.72478,10.40975,134
51796,Hotel Galilei Pisa,Conad Metato,route_2010,43.72505,10.41095,135
51797,Hotel Galilei Pisa,Conad Metato,route_2010,43.7251,10.41115,136
51798,Hotel Galilei Pisa,Conad Metato,route_2010,43.72526,10.41164,137
51799,Hotel Galilei Pisa,Conad Metato,route_2010,43.72559,10.41258,138
51800,Hotel Galilei Pisa,Conad Metato,route_2010,43.72575,10.41297,139
51801,Hotel Galilei Pisa,Conad Metato,route_2010,43.72588,10.41326,140
51802,Hotel Galilei Pisa,Conad Metato,route_2010,43.72601,10.41349,141
51803,Hotel Galilei Pisa,Conad Metato,route_2010,43.7266,10.41445,142
51804,Hotel Galilei Pisa,Conad Metato,route_2010,43.72708,10.4152,143
51805,Hotel Galilei Pisa,Conad Metato,route_2010,43.72754,10.41589,144
51806,Hotel Galilei Pisa,Conad Metato,route_2010,43.7279,10.41645,145
51807,Hotel Galilei Pisa,Conad Metato,route_2010,43.72876,10.41784,146
51808,Hotel Galilei Pisa,Conad Metato,route_2010,43.72895,10.41813,147
51809,Hotel Galilei Pisa,Conad Metato,route_2010,43.72912,10.41838,148
51810,Hotel Galilei Pisa,Conad Metato,route_2010,43.72928,10.41859,149
51811,Hotel Galilei Pisa,Conad Metato,route_2010,43.72977,10.41915,150
51812,Hotel Galilei Pisa,Conad Metato,route_2010,43.73018,10.41974,151
51813,Hotel Galilei Pisa,Conad Metato,route_2010,43.73053,10.42022,152
51814,Hotel Galilei Pisa,Conad Metato,route_2010,43.731,10.42078,153
51815,Hotel Galilei Pisa,Conad Metato,route_2010,43.73117,10.42097,154
51816,Hotel Galilei Pisa,Conad Metato,route_2010,43.73142,10.42118,155
51817,Hotel Galilei Pisa,Conad Metato,route_2010,43.7317,10.42135,156
51818,Hotel Galilei Pisa,Conad Metato,route_2010,43.73218,10.42157,157
51819,Hotel Galilei Pisa,Conad Metato,route_2010,43.7323,10.42161,158
51820,Hotel Galilei Pisa,Conad Metato,route_2010,43.73258,10.42172,159
51821,Hotel Galilei Pisa,Conad Metato,route_2010,43.73403,10.42247,160
51822,Hotel Galilei Pisa,Conad Metato,route_2010,43.73481,10.42281,161
51823,Hotel Galilei Pisa,Conad Metato,route_2010,43.73512,10.42297,162
51824,Hotel Galilei Pisa,Conad Metato,route_2010,43.73745,10.42427,163
51825,Hotel Galilei Pisa,Conad Metato,route_2010,43.73784,10.42447,164
51826,Hotel Galilei Pisa,Conad Metato,route_2010,43.73979,10.42538,165
51827,Hotel Galilei Pisa,Conad Metato,route_2010,43.73997,10.4255,166
51828,Hotel Galilei Pisa,Conad Metato,route_2010,43.74079,10.42617,167
51829,Hotel Galilei Pisa,Conad Metato,route_2010,43.74099,10.42634,168
51830,Hotel Galilei Pisa,Conad Metato,route_2010,43.74316,10.42844,169
51831,Hotel Galilei Pisa,Conad Metato,route_2010,43.74363,10.42888,170
51832,Hotel Galilei Pisa,Conad Metato,route_2010,43.74503,10.43008,171
51833,Hotel Galilei Pisa,Conad Metato,route_2010,43.74671,10.43146,172
51834,Hotel Galilei Pisa,Conad Metato,route_2010,43.74724,10.43196,173
51835,Hotel Galilei Pisa,Conad Metato,route_2010,43.74825,10.43284,174
51836,Hotel Galilei Pisa,Conad Metato,route_2010,43.7488,10.43331,175
51837,Hotel Galilei Pisa,Conad Metato,route_2010,43.75062,10.43474,176
51838,Hotel Galilei Pisa,Conad Metato,route_2010,43.75134,10.43538,177
51839,Hotel Galilei Pisa,Conad Metato,route_2010,43.75193,10.43596,178
51840,Hotel Galilei Pisa,Conad Metato,route_2010,43.75209,10.4361,179
51841,Hotel Galilei Pisa,Conad Metato,route_2010,43.75223,10.43618,180
51842,Hotel Galilei Pisa,Conad Metato,route_2010,43.75266,10.43635,181
51843,Hotel Galilei Pisa,Conad Metato,route_2010,43.75288,10.43646,182
51844,Hotel Galilei Pisa,Conad Metato,route_2010,43.75315,10.43661,183
51845,Hotel Galilei Pisa,Conad Metato,route_2010,43.75338,10.43676,184
51846,Hotel Galilei Pisa,Conad Metato,route_2010,43.75393,10.43722,185
51847,Hotel Galilei Pisa,Conad Metato,route_2010,43.75401,10.43729,186
51848,Hotel Galilei Pisa,Conad Metato,route_2010,43.75413,10.43742,187
51849,Hotel Galilei Pisa,Conad Metato,route_2010,43.75436,10.43774,188
51850,Hotel Galilei Pisa,Conad Metato,route_2010,43.75451,10.43789,189
51851,Hotel Galilei Pisa,Conad Metato,route_2010,43.7546,10.43795,190
51852,Hotel Galilei Pisa,Conad Metato,route_2010,43.75483,10.43805,191
51853,Hotel Galilei Pisa,Conad Metato,route_2010,43.75503,10.43809,192
51854,Hotel Galilei Pisa,Conad Metato,route_2010,43.75537,10.43813,193
51855,Hotel Galilei Pisa,Conad Metato,route_2010,43.75552,10.43812,194
51856,Hotel Galilei Pisa,Conad Metato,route_2010,43.7556,10.43811,195
51857,Hotel Galilei Pisa,Conad Metato,route_2010,43.75592,10.43813,196
51858,Hotel Galilei Pisa,Conad Metato,route_2010,43.75599,10.4382,197
51859,Hotel Galilei Pisa,Conad Metato,route_2010,43.75607,10.43821,198
51860,Hotel Galilei Pisa,Conad Metato,route_2010,43.75614,10.43819,199
51861,Hotel Galilei Pisa,Conad Metato,route_2010,43.75619,10.43814,200
51862,Hotel Galilei Pisa,Conad Metato,route_2010,43.75621,10.4381,201
51863,Hotel Galilei Pisa,Conad Metato,route_2010,43.75624,10.43803,202
51864,Hotel Galilei Pisa,Conad Metato,route_2010,43.75625,10.43798,203
51865,Hotel Galilei Pisa,Conad Metato,route_2010,43.75624,10.43789,204
51866,Hotel Galilei Pisa,Conad Metato,route_2010,43.75627,10.43775,205
51867,Hotel Galilei Pisa,Conad Metato,route_2010,43.75635,10.43752,206
51868,Hotel Galilei Pisa,Conad Metato,route_2010,43.75719,10.4362,207
51869,Hotel Galilei Pisa,Conad Metato,route_2010,43.7582,10.43463,208
51870,Hotel Galilei Pisa,Conad Metato,route_2010,43.75835,10.43444,209
51871,Hotel Galilei Pisa,Conad Metato,route_2010,43.75859,10.4342,210
51872,Hotel Galilei Pisa,Conad Metato,route_2010,43.75868,10.43417,211
51873,Hotel Galilei Pisa,Conad Metato,route_2010,43.75877,10.43417,212
51874,Hotel Galilei Pisa,Conad Metato,route_2010,43.75882,10.43421,213
51875,Hotel Galilei Pisa,Conad Metato,route_2010,43.75888,10.43422,214
51876,Hotel Galilei Pisa,Conad Metato,route_2010,43.75894,10.43421,215
51877,Hotel Galilei Pisa,Conad Metato,route_2010,43.75899,10.43417,216
51878,Hotel Galilei Pisa,Conad Metato,route_2010,43.75903,10.43412,217
51879,Hotel Galilei Pisa,Conad Metato,route_2010,43.75906,10.43407,218
51880,Hotel Galilei Pisa,Conad Metato,route_2010,43.75907,10.434,219
51881,Hotel Galilei Pisa,Conad Metato,route_2010,43.75908,10.43393,220
51882,Hotel Galilei Pisa,Conad Metato,route_2010,43.75907,10.43386,221
51883,Hotel Galilei Pisa,Conad Metato,route_2010,43.75905,10.4338,222
51884,Hotel Galilei Pisa,Conad Metato,route_2010,43.75912,10.43362,223
51885,Hotel Galilei Pisa,Conad Metato,route_2010,43.75976,10.43275,224
51886,Hotel Galilei Pisa,Conad Metato,route_2010,43.75986,10.4326,225
51887,Hotel Galilei Pisa,Conad Metato,route_2010,43.76202,10.42921,226
51888,Hotel Galilei Pisa,Conad Metato,route_2010,43.76216,10.42892,227
51889,Hotel Galilei Pisa,Conad Metato,route_2010,43.76221,10.42886,228
51890,Hotel Galilei Pisa,Conad Metato,route_2010,43.76228,10.42881,229
51891,Hotel Galilei Pisa,Conad Metato,route_2010,43.76233,10.42878,230
51892,Hotel Galilei Pisa,Conad Metato,route_2010,43.76238,10.42874,231
51893,Hotel Galilei Pisa,Conad Metato,route_2010,43.76241,10.42868,232
51894,Hotel Galilei Pisa,Conad Metato,route_2010,43.76243,10.42862,233
51895,Hotel Galilei Pisa,Conad Metato,route_2010,43.76244,10.42853,234
51896,Hotel Galilei Pisa,Conad Metato,route_2010,43.76243,10.42843,235
51897,Hotel Galilei Pisa,Conad Metato,route_2010,43.7624,10.42837,236
51898,Hotel Galilei Pisa,Conad Metato,route_2010,43.76235,10.42831,237
51899,Hotel Galilei Pisa,Conad Metato,route_2010,43.76229,10.42827,238
51900,Hotel Galilei Pisa,Conad Metato,route_2010,43.76223,10.42826,239
51901,Hotel Galilei Pisa,Conad Metato,route_2010,43.76217,10.42828,240
51902,Hotel Galilei Pisa,Conad Metato,route_2010,43.7621,10.42835,241
51903,Hotel Galilei Pisa,Conad Metato,route_2010,43.76203,10.42836,242
51904,Hotel Galilei Pisa,Conad Metato,route_2010,43.76196,10.42835,243
51905,Hotel Galilei Pisa,Conad Metato,route_2010,43.76187,10.42832,244
51906,Hotel Galilei Pisa,Conad Metato,route_2010,43.76034,10.42738,245
51907,Hotel Galilei Pisa,Ristorante Il Lago (Nodica),route_2011,43.69324,10.38662,0
51908,Hotel Galilei Pisa,Ristorante Il Lago (Nodica),route_2011,43.69557,10.38764,1
51909,Hotel Galilei Pisa,Ristorante Il Lago (Nodica),route_2011,43.69573,10.38775,2
51910,Hotel Galilei Pisa,Ristorante Il Lago (Nodica),route_2011,43.69582,10.38784,3
51911,Hotel Galilei Pisa,Ristorante Il Lago (Nodica),route_2011,43.69587,10.38794,4
51912,Hotel Galilei Pisa,Ristorante Il Lago (Nodica),route_2011,43.6959,10.38802,5
51913,Hotel Galilei Pisa,Ristorante Il Lago (Nodica),route_2011,43.69594,10.38808,6
51914,Hotel Galilei Pisa,Ristorante Il Lago (Nodica),route_2011,43.69602,10.38814,7
51915,Hotel Galilei Pisa,Ristorante Il Lago (Nodica),route_2011,43.69611,10.38815,8
51916,Hotel Galilei Pisa,Ristorante Il Lago (Nodica),route_2011,43.69617,10.38813,9
51917,Hotel Galilei Pisa,Ristorante Il Lago (Nodica),route_2011,43.69622,10.38808,10
51918,Hotel Galilei Pisa,Ristorante Il Lago (Nodica),route_2011,43.69632,10.38803,11
51919,Hotel Galilei Pisa,Ristorante Il Lago (Nodica),route_2011,43.69638,10.38803,12
51920,Hotel Galilei Pisa,Ristorante Il Lago (Nodica),route_2011,43.69653,10.38806,13
51921,Hotel Galilei Pisa,Ristorante Il Lago (Nodica),route_2011,43.69779,10.38864,14
51922,Hotel Galilei Pisa,Ristorante Il Lago (Nodica),route_2011,43.69794,10.38869,15
51923,Hotel Galilei Pisa,Ristorante Il Lago (Nodica),route_2011,43.6985,10.38892,16
51924,Hotel Galilei Pisa,Ristorante Il Lago (Nodica),route_2011,43.69871,10.38897,17
51925,Hotel Galilei Pisa,Ristorante Il Lago (Nodica),route_2011,43.69895,10.38902,18
51926,Hotel Galilei Pisa,Ristorante Il Lago (Nodica),route_2011,43.6992,10.38905,19
51927,Hotel Galilei Pisa,Ristorante Il Lago (Nodica),route_2011,43.69932,10.38913,20
51928,Hotel Galilei Pisa,Ristorante Il Lago (Nodica),route_2011,43.69937,10.38917,21
51929,Hotel Galilei Pisa,Ristorante Il Lago (Nodica),route_2011,43.6994,10.38925,22
51930,Hotel Galilei Pisa,Ristorante Il Lago (Nodica),route_2011,43.69944,10.3893,23
51931,Hotel Galilei Pisa,Ristorante Il Lago (Nodica),route_2011,43.6995,10.3893,24
51932,Hotel Galilei Pisa,Ristorante Il Lago (Nodica),route_2011,43.69955,10.38928,25
51933,Hotel Galilei Pisa,Ristorante Il Lago (Nodica),route_2011,43.69959,10.38922,26
51934,Hotel Galilei Pisa,Ristorante Il Lago (Nodica),route_2011,43.6996,10.38916,27
51935,Hotel Galilei Pisa,Ristorante Il Lago (Nodica),route_2011,43.69977,10.38903,28
51936,Hotel Galilei Pisa,Ristorante Il Lago (Nodica),route_2011,43.69995,10.38902,29
51937,Hotel Galilei Pisa,Ristorante Il Lago (Nodica),route_2011,43.70017,10.38897,30
51938,Hotel Galilei Pisa,Ristorante Il Lago (Nodica),route_2011,43.70059,10.38883,31
51939,Hotel Galilei Pisa,Ristorante Il Lago (Nodica),route_2011,43.70098,10.38865,32
51940,Hotel Galilei Pisa,Ristorante Il Lago (Nodica),route_2011,43.70116,10.38855,33
51941,Hotel Galilei Pisa,Ristorante Il Lago (Nodica),route_2011,43.70152,10.38831,34
51942,Hotel Galilei Pisa,Ristorante Il Lago (Nodica),route_2011,43.70195,10.38796,35
51943,Hotel Galilei Pisa,Ristorante Il Lago (Nodica),route_2011,43.70218,10.38777,36
51944,Hotel Galilei Pisa,Ristorante Il Lago (Nodica),route_2011,43.70243,10.38759,37
51945,Hotel Galilei Pisa,Ristorante Il Lago (Nodica),route_2011,43.70275,10.38734,38
51946,Hotel Galilei Pisa,Ristorante Il Lago (Nodica),route_2011,43.70284,10.38726,39
51947,Hotel Galilei Pisa,Ristorante Il Lago (Nodica),route_2011,43.70302,10.38699,40
51948,Hotel Galilei Pisa,Ristorante Il Lago (Nodica),route_2011,43.70308,10.38696,41
51949,Hotel Galilei Pisa,Ristorante Il Lago (Nodica),route_2011,43.70312,10.3869,42
51950,Hotel Galilei Pisa,Ristorante Il Lago (Nodica),route_2011,43.70339,10.38672,43
51951,Hotel Galilei Pisa,Ristorante Il Lago (Nodica),route_2011,43.70371,10.3866,44
51952,Hotel Galilei Pisa,Ristorante Il Lago (Nodica),route_2011,43.70409,10.38652,45
51953,Hotel Galilei Pisa,Ristorante Il Lago (Nodica),route_2011,43.70729,10.38573,46
51954,Hotel Galilei Pisa,Ristorante Il Lago (Nodica),route_2011,43.70739,10.38574,47
51955,Hotel Galilei Pisa,Ristorante Il Lago (Nodica),route_2011,43.70837,10.3855,48
51956,Hotel Galilei Pisa,Ristorante Il Lago (Nodica),route_2011,43.70852,10.38545,49
51957,Hotel Galilei Pisa,Ristorante Il Lago (Nodica),route_2011,43.70865,10.38544,50
51958,Hotel Galilei Pisa,Ristorante Il Lago (Nodica),route_2011,43.70871,10.38549,51
51959,Hotel Galilei Pisa,Ristorante Il Lago (Nodica),route_2011,43.70875,10.38551,52
51960,Hotel Galilei Pisa,Ristorante Il Lago (Nodica),route_2011,43.70879,10.38552,53
51961,Hotel Galilei Pisa,Ristorante Il Lago (Nodica),route_2011,43.70883,10.3855,54
51962,Hotel Galilei Pisa,Ristorante Il Lago (Nodica),route_2011,43.70888,10.38544,55
51963,Hotel Galilei Pisa,Ristorante Il Lago (Nodica),route_2011,43.70898,10.38537,56
51964,Hotel Galilei Pisa,Ristorante Il Lago (Nodica),route_2011,43.70908,10.38529,57
51965,Hotel Galilei Pisa,Ristorante Il Lago (Nodica),route_2011,43.70928,10.38523,58
51966,Hotel Galilei Pisa,Ristorante Il Lago (Nodica),route_2011,43.70998,10.38502,59
51967,Hotel Galilei Pisa,Ristorante Il Lago (Nodica),route_2011,43.71043,10.3849,60
51968,Hotel Galilei Pisa,Ristorante Il Lago (Nodica),route_2011,43.71106,10.38465,61
51969,Hotel Galilei Pisa,Ristorante Il Lago (Nodica),route_2011,43.71172,10.38437,62
51970,Hotel Galilei Pisa,Ristorante Il Lago (Nodica),route_2011,43.71177,10.38437,63
51971,Hotel Galilei Pisa,Ristorante Il Lago (Nodica),route_2011,43.71182,10.38436,64
51972,Hotel Galilei Pisa,Ristorante Il Lago (Nodica),route_2011,43.71262,10.38783,65
51973,Hotel Galilei Pisa,Ristorante Il Lago (Nodica),route_2011,43.71273,10.38822,66
51974,Hotel Galilei Pisa,Ristorante Il Lago (Nodica),route_2011,43.71275,10.38828,67
51975,Hotel Galilei Pisa,Ristorante Il Lago (Nodica),route_2011,43.7128,10.38836,68
51976,Hotel Galilei Pisa,Ristorante Il Lago (Nodica),route_2011,43.71286,10.38841,69
51977,Hotel Galilei Pisa,Ristorante Il Lago (Nodica),route_2011,43.71292,10.38844,70
51978,Hotel Galilei Pisa,Ristorante Il Lago (Nodica),route_2011,43.71297,10.38844,71
51979,Hotel Galilei Pisa,Ristorante Il Lago (Nodica),route_2011,43.71301,10.38844,72
51980,Hotel Galilei Pisa,Ristorante Il Lago (Nodica),route_2011,43.71319,10.38837,73
51981,Hotel Galilei Pisa,Ristorante Il Lago (Nodica),route_2011,43.71324,10.38836,74
51982,Hotel Galilei Pisa,Ristorante Il Lago (Nodica),route_2011,43.71326,10.38838,75
51983,Hotel Galilei Pisa,Ristorante Il Lago (Nodica),route_2011,43.71327,10.38842,76
51984,Hotel Galilei Pisa,Ristorante Il Lago (Nodica),route_2011,43.7133,10.38857,77
51985,Hotel Galilei Pisa,Ristorante Il Lago (Nodica),route_2011,43.71332,10.38861,78
51986,Hotel Galilei Pisa,Ristorante Il Lago (Nodica),route_2011,43.71337,10.38876,79
51987,Hotel Galilei Pisa,Ristorante Il Lago (Nodica),route_2011,43.71341,10.38881,80
51988,Hotel Galilei Pisa,Ristorante Il Lago (Nodica),route_2011,43.71346,10.38884,81
51989,Hotel Galilei Pisa,Ristorante Il Lago (Nodica),route_2011,43.71349,10.38879,82
51990,Hotel Galilei Pisa,Ristorante Il Lago (Nodica),route_2011,43.71368,10.38866,83
51991,Hotel Galilei Pisa,Ristorante Il Lago (Nodica),route_2011,43.71541,10.38785,84
51992,Hotel Galilei Pisa,Ristorante Il Lago (Nodica),route_2011,43.71552,10.38782,85
51993,Hotel Galilei Pisa,Ristorante Il Lago (Nodica),route_2011,43.71563,10.38783,86
51994,Hotel Galilei Pisa,Ristorante Il Lago (Nodica),route_2011,43.71573,10.38784,87
51995,Hotel Galilei Pisa,Ristorante Il Lago (Nodica),route_2011,43.71589,10.38791,88
51996,Hotel Galilei Pisa,Ristorante Il Lago (Nodica),route_2011,43.716,10.38799,89
51997,Hotel Galilei Pisa,Ristorante Il Lago (Nodica),route_2011,43.71818,10.38945,90
51998,Hotel Galilei Pisa,Ristorante Il Lago (Nodica),route_2011,43.72147,10.39162,91
51999,Hotel Galilei Pisa,Ristorante Il Lago (Nodica),route_2011,43.7218,10.39181,92
52000,Hotel Galilei Pisa,Ristorante Il Lago (Nodica),route_2011,43.72197,10.39191,93
52001,Hotel Galilei Pisa,Ristorante Il Lago (Nodica),route_2011,43.72264,10.3922,94
52002,Hotel Galilei Pisa,Ristorante Il Lago (Nodica),route_2011,43.72271,10.39222,95
52003,Hotel Galilei Pisa,Ristorante Il Lago (Nodica),route_2011,43.72283,10.39223,96
52004,Hotel Galilei Pisa,Ristorante Il Lago (Nodica),route_2011,43.72295,10.39222,97
52005,Hotel Galilei Pisa,Ristorante Il Lago (Nodica),route_2011,43.72306,10.39219,98
52006,Hotel Galilei Pisa,Ristorante Il Lago (Nodica),route_2011,43.72369,10.3919,99
52007,Hotel Galilei Pisa,Ristorante Il Lago (Nodica),route_2011,43.72486,10.3913,100
52008,Hotel Galilei Pisa,Ristorante Il Lago (Nodica),route_2011,43.72489,10.39135,101
52009,Hotel Galilei Pisa,Ristorante Il Lago (Nodica),route_2011,43.72494,10.39137,102
52010,Hotel Galilei Pisa,Ristorante Il Lago (Nodica),route_2011,43.72498,10.39135,103
52011,Hotel Galilei Pisa,Ristorante Il Lago (Nodica),route_2011,43.72501,10.39131,104
52012,Hotel Galilei Pisa,Ristorante Il Lago (Nodica),route_2011,43.72542,10.39102,105
52013,Hotel Galilei Pisa,Ristorante Il Lago (Nodica),route_2011,43.72574,10.39076,106
52014,Hotel Galilei Pisa,Ristorante Il Lago (Nodica),route_2011,43.72608,10.39119,107
52015,Hotel Galilei Pisa,Ristorante Il Lago (Nodica),route_2011,43.72648,10.39165,108
52016,Hotel Galilei Pisa,Ristorante Il Lago (Nodica),route_2011,43.72728,10.39262,109
52017,Hotel Galilei Pisa,Ristorante Il Lago (Nodica),route_2011,43.72734,10.39271,110
52018,Hotel Galilei Pisa,Ristorante Il Lago (Nodica),route_2011,43.72743,10.39291,111
52019,Hotel Galilei Pisa,Ristorante Il Lago (Nodica),route_2011,43.72747,10.39307,112
52020,Hotel Galilei Pisa,Ristorante Il Lago (Nodica),route_2011,43.72755,10.39319,113
52021,Hotel Galilei Pisa,Ristorante Il Lago (Nodica),route_2011,43.72779,10.39346,114
52022,Hotel Galilei Pisa,Ristorante Il Lago (Nodica),route_2011,43.72843,10.39422,115
52023,Hotel Galilei Pisa,Ristorante Il Lago (Nodica),route_2011,43.72988,10.39594,116
52024,Hotel Galilei Pisa,Ristorante Il Lago (Nodica),route_2011,43.73068,10.39693,117
52025,Hotel Galilei Pisa,Ristorante Il Lago (Nodica),route_2011,43.73159,10.398,118
52026,Hotel Galilei Pisa,Ristorante Il Lago (Nodica),route_2011,43.73162,10.39806,119
52027,Hotel Galilei Pisa,Ristorante Il Lago (Nodica),route_2011,43.73162,10.4003,120
52028,Hotel Galilei Pisa,Ristorante Il Lago (Nodica),route_2011,43.73328,10.40053,121
52029,Hotel Galilei Pisa,Ristorante Il Lago (Nodica),route_2011,43.73357,10.40059,122
52030,Hotel Galilei Pisa,Ristorante Il Lago (Nodica),route_2011,43.73456,10.40068,123
52031,Hotel Galilei Pisa,Ristorante Il Lago (Nodica),route_2011,43.73506,10.40071,124
52032,Hotel Galilei Pisa,Ristorante Il Lago (Nodica),route_2011,43.73707,10.40095,125
52033,Hotel Galilei Pisa,Ristorante Il Lago (Nodica),route_2011,43.73886,10.40115,126
52034,Hotel Galilei Pisa,Ristorante Il Lago (Nodica),route_2011,43.73919,10.40116,127
52035,Hotel Galilei Pisa,Ristorante Il Lago (Nodica),route_2011,43.73929,10.40118,128
52036,Hotel Galilei Pisa,Ristorante Il Lago (Nodica),route_2011,43.73973,10.40138,129
52037,Hotel Galilei Pisa,Ristorante Il Lago (Nodica),route_2011,43.74044,10.40159,130
52038,Hotel Galilei Pisa,Ristorante Il Lago (Nodica),route_2011,43.74105,10.40174,131
52039,Hotel Galilei Pisa,Ristorante Il Lago (Nodica),route_2011,43.74139,10.40183,132
52040,Hotel Galilei Pisa,Ristorante Il Lago (Nodica),route_2011,43.7423,10.4021,133
52041,Hotel Galilei Pisa,Ristorante Il Lago (Nodica),route_2011,43.7458,10.40329,134
52042,Hotel Galilei Pisa,Ristorante Il Lago (Nodica),route_2011,43.74736,10.4038,135
52043,Hotel Galilei Pisa,Ristorante Il Lago (Nodica),route_2011,43.7471,10.40502,136
52044,Hotel Galilei Pisa,Ristorante Il Lago (Nodica),route_2011,43.74597,10.41072,137
52045,Hotel Galilei Pisa,Ristorante Il Lago (Nodica),route_2011,43.74586,10.41124,138
52046,Hotel Galilei Pisa,Ristorante Il Lago (Nodica),route_2011,43.74592,10.41131,139
52047,Hotel Galilei Pisa,Ristorante Il Lago (Nodica),route_2011,43.74675,10.41192,140
52048,Hotel Galilei Pisa,Ristorante Il Lago (Nodica),route_2011,43.74689,10.41201,141
52049,Hotel Galilei Pisa,Ristorante Il Lago (Nodica),route_2011,43.74699,10.41207,142
52050,Hotel Galilei Pisa,Ristorante Il Lago (Nodica),route_2011,43.74712,10.41217,143
52051,Hotel Galilei Pisa,Ristorante Il Lago (Nodica),route_2011,43.74909,10.41291,144
52052,Hotel Galilei Pisa,Pizzeria Colignola,route_2012,43.69324,10.38662,0
52053,Hotel Galilei Pisa,Pizzeria Colignola,route_2012,43.69557,10.38764,1
52054,Hotel Galilei Pisa,Pizzeria Colignola,route_2012,43.69573,10.38775,2
52055,Hotel Galilei Pisa,Pizzeria Colignola,route_2012,43.69582,10.38784,3
52056,Hotel Galilei Pisa,Pizzeria Colignola,route_2012,43.69587,10.38794,4
52057,Hotel Galilei Pisa,Pizzeria Colignola,route_2012,43.6959,10.38802,5
52058,Hotel Galilei Pisa,Pizzeria Colignola,route_2012,43.69594,10.38808,6
52059,Hotel Galilei Pisa,Pizzeria Colignola,route_2012,43.69602,10.38814,7
52060,Hotel Galilei Pisa,Pizzeria Colignola,route_2012,43.69611,10.38815,8
52061,Hotel Galilei Pisa,Pizzeria Colignola,route_2012,43.69617,10.38813,9
52062,Hotel Galilei Pisa,Pizzeria Colignola,route_2012,43.69622,10.38808,10
52063,Hotel Galilei Pisa,Pizzeria Colignola,route_2012,43.69628,10.38798,11
52064,Hotel Galilei Pisa,Pizzeria Colignola,route_2012,43.6963,10.3879,12
52065,Hotel Galilei Pisa,Pizzeria Colignola,route_2012,43.6963,10.38781,13
52066,Hotel Galilei Pisa,Pizzeria Colignola,route_2012,43.69629,10.38777,14
52067,Hotel Galilei Pisa,Pizzeria Colignola,route_2012,43.69626,10.38767,15
52068,Hotel Galilei Pisa,Pizzeria Colignola,route_2012,43.69622,10.38693,16
52069,Hotel Galilei Pisa,Pizzeria Colignola,route_2012,43.69617,10.38612,17
52070,Hotel Galilei Pisa,Pizzeria Colignola,route_2012,43.69614,10.38554,18
52071,Hotel Galilei Pisa,Pizzeria Colignola,route_2012,43.69614,10.38487,19
52072,Hotel Galilei Pisa,Pizzeria Colignola,route_2012,43.69617,10.38453,20
52073,Hotel Galilei Pisa,Pizzeria Colignola,route_2012,43.69619,10.38447,21
52074,Hotel Galilei Pisa,Pizzeria Colignola,route_2012,43.69623,10.38433,22
52075,Hotel Galilei Pisa,Pizzeria Colignola,route_2012,43.6963,10.38418,23
52076,Hotel Galilei Pisa,Pizzeria Colignola,route_2012,43.69633,10.38416,24
52077,Hotel Galilei Pisa,Pizzeria Colignola,route_2012,43.69641,10.38414,25
52078,Hotel Galilei Pisa,Pizzeria Colignola,route_2012,43.69645,10.38414,26
52079,Hotel Galilei Pisa,Pizzeria Colignola,route_2012,43.6965,10.38417,27
52080,Hotel Galilei Pisa,Pizzeria Colignola,route_2012,43.69657,10.38422,28
52081,Hotel Galilei Pisa,Pizzeria Colignola,route_2012,43.69659,10.38428,29
52082,Hotel Galilei Pisa,Pizzeria Colignola,route_2012,43.69661,10.38435,30
52083,Hotel Galilei Pisa,Pizzeria Colignola,route_2012,43.6966,10.38451,31
52084,Hotel Galilei Pisa,Pizzeria Colignola,route_2012,43.69662,10.38463,32
52085,Hotel Galilei Pisa,Pizzeria Colignola,route_2012,43.69665,10.38471,33
52086,Hotel Galilei Pisa,Pizzeria Colignola,route_2012,43.69671,10.38478,34
52087,Hotel Galilei Pisa,Pizzeria Colignola,route_2012,43.69678,10.38481,35
52088,Hotel Galilei Pisa,Pizzeria Colignola,route_2012,43.69685,10.3848,36
52089,Hotel Galilei Pisa,Pizzeria Colignola,route_2012,43.69693,10.38476,37
52090,Hotel Galilei Pisa,Pizzeria Colignola,route_2012,43.69697,10.38471,38
52091,Hotel Galilei Pisa,Pizzeria Colignola,route_2012,43.69707,10.38465,39
52092,Hotel Galilei Pisa,Pizzeria Colignola,route_2012,43.69717,10.38462,40
52093,Hotel Galilei Pisa,Pizzeria Colignola,route_2012,43.69738,10.3847,41
52094,Hotel Galilei Pisa,Pizzeria Colignola,route_2012,43.69917,10.38635,42
52095,Hotel Galilei Pisa,Pizzeria Colignola,route_2012,43.6995,10.38666,43
52096,Hotel Galilei Pisa,Pizzeria Colignola,route_2012,43.69981,10.38701,44
52097,Hotel Galilei Pisa,Pizzeria Colignola,route_2012,43.69987,10.38709,45
52098,Hotel Galilei Pisa,Pizzeria Colignola,route_2012,43.69991,10.38718,46
52099,Hotel Galilei Pisa,Pizzeria Colignola,route_2012,43.69995,10.38728,47
52100,Hotel Galilei Pisa,Pizzeria Colignola,route_2012,43.69998,10.38748,48
52101,Hotel Galilei Pisa,Pizzeria Colignola,route_2012,43.69999,10.38766,49
52102,Hotel Galilei Pisa,Pizzeria Colignola,route_2012,43.69995,10.38815,50
52103,Hotel Galilei Pisa,Pizzeria Colignola,route_2012,43.69983,10.38894,51
52104,Hotel Galilei Pisa,Pizzeria Colignola,route_2012,43.6997,10.38949,52
52105,Hotel Galilei Pisa,Pizzeria Colignola,route_2012,43.69965,10.38976,53
52106,Hotel Galilei Pisa,Pizzeria Colignola,route_2012,43.69961,10.39003,54
52107,Hotel Galilei Pisa,Pizzeria Colignola,route_2012,43.69956,10.39043,55
52108,Hotel Galilei Pisa,Pizzeria Colignola,route_2012,43.69954,10.39083,56
52109,Hotel Galilei Pisa,Pizzeria Colignola,route_2012,43.69953,10.39104,57
52110,Hotel Galilei Pisa,Pizzeria Colignola,route_2012,43.69954,10.3916,58
52111,Hotel Galilei Pisa,Pizzeria Colignola,route_2012,43.69962,10.39249,59
52112,Hotel Galilei Pisa,Pizzeria Colignola,route_2012,43.6999,10.39433,60
52113,Hotel Galilei Pisa,Pizzeria Colignola,route_2012,43.69996,10.39476,61
52114,Hotel Galilei Pisa,Pizzeria Colignola,route_2012,43.7,10.39515,62
52115,Hotel Galilei Pisa,Pizzeria Colignola,route_2012,43.70006,10.39575,63
52116,Hotel Galilei Pisa,Pizzeria Colignola,route_2012,43.70007,10.39601,64
52117,Hotel Galilei Pisa,Pizzeria Colignola,route_2012,43.70007,10.39666,65
52118,Hotel Galilei Pisa,Pizzeria Colignola,route_2012,43.70005,10.3973,66
52119,Hotel Galilei Pisa,Pizzeria Colignola,route_2012,43.69997,10.39825,67
52120,Hotel Galilei Pisa,Pizzeria Colignola,route_2012,43.69972,10.40085,68
52121,Hotel Galilei Pisa,Pizzeria Colignola,route_2012,43.69959,10.40202,69
52122,Hotel Galilei Pisa,Pizzeria Colignola,route_2012,43.69952,10.40278,70
52123,Hotel Galilei Pisa,Pizzeria Colignola,route_2012,43.69943,10.4034,71
52124,Hotel Galilei Pisa,Pizzeria Colignola,route_2012,43.69936,10.40386,72
52125,Hotel Galilei Pisa,Pizzeria Colignola,route_2012,43.6993,10.40426,73
52126,Hotel Galilei Pisa,Pizzeria Colignola,route_2012,43.69914,10.40499,74
52127,Hotel Galilei Pisa,Pizzeria Colignola,route_2012,43.69894,10.40579,75
52128,Hotel Galilei Pisa,Pizzeria Colignola,route_2012,43.69878,10.40631,76
52129,Hotel Galilei Pisa,Pizzeria Colignola,route_2012,43.69863,10.40674,77
52130,Hotel Galilei Pisa,Pizzeria Colignola,route_2012,43.69852,10.40701,78
52131,Hotel Galilei Pisa,Pizzeria Colignola,route_2012,43.69827,10.4076,79
52132,Hotel Galilei Pisa,Pizzeria Colignola,route_2012,43.69813,10.40788,80
52133,Hotel Galilei Pisa,Pizzeria Colignola,route_2012,43.69788,10.40833,81
52134,Hotel Galilei Pisa,Pizzeria Colignola,route_2012,43.69762,10.40873,82
52135,Hotel Galilei Pisa,Pizzeria Colignola,route_2012,43.69721,10.40928,83
52136,Hotel Galilei Pisa,Pizzeria Colignola,route_2012,43.69686,10.4097,84
52137,Hotel Galilei Pisa,Pizzeria Colignola,route_2012,43.69632,10.4103,85
52138,Hotel Galilei Pisa,Pizzeria Colignola,route_2012,43.69587,10.41082,86
52139,Hotel Galilei Pisa,Pizzeria Colignola,route_2012,43.69541,10.41137,87
52140,Hotel Galilei Pisa,Pizzeria Colignola,route_2012,43.69505,10.41185,88
52141,Hotel Galilei Pisa,Pizzeria Colignola,route_2012,43.69487,10.41212,89
52142,Hotel Galilei Pisa,Pizzeria Colignola,route_2012,43.69475,10.41231,90
52143,Hotel Galilei Pisa,Pizzeria Colignola,route_2012,43.69439,10.41296,91
52144,Hotel Galilei Pisa,Pizzeria Colignola,route_2012,43.69425,10.41328,92
52145,Hotel Galilei Pisa,Pizzeria Colignola,route_2012,43.69403,10.41382,93
52146,Hotel Galilei Pisa,Pizzeria Colignola,route_2012,43.69388,10.41427,94
52147,Hotel Galilei Pisa,Pizzeria Colignola,route_2012,43.69364,10.41507,95
52148,Hotel Galilei Pisa,Pizzeria Colignola,route_2012,43.69343,10.41597,96
52149,Hotel Galilei Pisa,Pizzeria Colignola,route_2012,43.69227,10.4213,97
52150,Hotel Galilei Pisa,Pizzeria Colignola,route_2012,43.69202,10.42253,98
52151,Hotel Galilei Pisa,Pizzeria Colignola,route_2012,43.69185,10.42339,99
52152,Hotel Galilei Pisa,Pizzeria Colignola,route_2012,43.69173,10.42416,100
52153,Hotel Galilei Pisa,Pizzeria Colignola,route_2012,43.69167,10.42463,101
52154,Hotel Galilei Pisa,Pizzeria Colignola,route_2012,43.6916,10.42529,102
52155,Hotel Galilei Pisa,Pizzeria Colignola,route_2012,43.69152,10.42634,103
52156,Hotel Galilei Pisa,Pizzeria Colignola,route_2012,43.69149,10.427,104
52157,Hotel Galilei Pisa,Pizzeria Colignola,route_2012,43.69139,10.42815,105
52158,Hotel Galilei Pisa,Pizzeria Colignola,route_2012,43.69125,10.42917,106
52159,Hotel Galilei Pisa,Pizzeria Colignola,route_2012,43.69113,10.42984,107
52160,Hotel Galilei Pisa,Pizzeria Colignola,route_2012,43.69102,10.43031,108
52161,Hotel Galilei Pisa,Pizzeria Colignola,route_2012,43.69086,10.43093,109
52162,Hotel Galilei Pisa,Pizzeria Colignola,route_2012,43.6906,10.43178,110
52163,Hotel Galilei Pisa,Pizzeria Colignola,route_2012,43.69044,10.43223,111
52164,Hotel Galilei Pisa,Pizzeria Colignola,route_2012,43.69027,10.43267,112
52165,Hotel Galilei Pisa,Pizzeria Colignola,route_2012,43.68979,10.43384,113
52166,Hotel Galilei Pisa,Pizzeria Colignola,route_2012,43.68905,10.43547,114
52167,Hotel Galilei Pisa,Pizzeria Colignola,route_2012,43.68887,10.43573,115
52168,Hotel Galilei Pisa,Pizzeria Colignola,route_2012,43.68865,10.43608,116
52169,Hotel Galilei Pisa,Pizzeria Colignola,route_2012,43.68853,10.43622,117
52170,Hotel Galilei Pisa,Pizzeria Colignola,route_2012,43.68838,10.43634,118
52171,Hotel Galilei Pisa,Pizzeria Colignola,route_2012,43.68824,10.43642,119
52172,Hotel Galilei Pisa,Pizzeria Colignola,route_2012,43.68818,10.43644,120
52173,Hotel Galilei Pisa,Pizzeria Colignola,route_2012,43.68806,10.43646,121
52174,Hotel Galilei Pisa,Pizzeria Colignola,route_2012,43.68775,10.43645,122
52175,Hotel Galilei Pisa,Pizzeria Colignola,route_2012,43.68759,10.43647,123
52176,Hotel Galilei Pisa,Pizzeria Colignola,route_2012,43.68743,10.43652,124
52177,Hotel Galilei Pisa,Pizzeria Colignola,route_2012,43.68738,10.43655,125
52178,Hotel Galilei Pisa,Pizzeria Colignola,route_2012,43.68733,10.4366,126
52179,Hotel Galilei Pisa,Pizzeria Colignola,route_2012,43.68728,10.43667,127
52180,Hotel Galilei Pisa,Pizzeria Colignola,route_2012,43.68722,10.43676,128
52181,Hotel Galilei Pisa,Pizzeria Colignola,route_2012,43.68718,10.43687,129
52182,Hotel Galilei Pisa,Pizzeria Colignola,route_2012,43.68716,10.43694,130
52183,Hotel Galilei Pisa,Pizzeria Colignola,route_2012,43.68715,10.43711,131
52184,Hotel Galilei Pisa,Pizzeria Colignola,route_2012,43.68716,10.43731,132
52185,Hotel Galilei Pisa,Pizzeria Colignola,route_2012,43.68721,10.43752,133
52186,Hotel Galilei Pisa,Pizzeria Colignola,route_2012,43.68725,10.43763,134
52187,Hotel Galilei Pisa,Pizzeria Colignola,route_2012,43.68735,10.43779,135
52188,Hotel Galilei Pisa,Pizzeria Colignola,route_2012,43.68747,10.43793,136
52189,Hotel Galilei Pisa,Pizzeria Colignola,route_2012,43.68814,10.43851,137
52190,Hotel Galilei Pisa,Pizzeria Colignola,route_2012,43.68825,10.43858,138
52191,Hotel Galilei Pisa,Pizzeria Colignola,route_2012,43.68839,10.43865,139
52192,Hotel Galilei Pisa,Pizzeria Colignola,route_2012,43.6885,10.43868,140
52193,Hotel Galilei Pisa,Pizzeria Colignola,route_2012,43.68863,10.43871,141
52194,Hotel Galilei Pisa,Pizzeria Colignola,route_2012,43.68886,10.4387,142
52195,Hotel Galilei Pisa,Pizzeria Colignola,route_2012,43.68895,10.43868,143
52196,Hotel Galilei Pisa,Pizzeria Colignola,route_2012,43.68901,10.43865,144
52197,Hotel Galilei Pisa,Pizzeria Colignola,route_2012,43.68913,10.43857,145
52198,Hotel Galilei Pisa,Pizzeria Colignola,route_2012,43.68922,10.43849,146
52199,Hotel Galilei Pisa,Pizzeria Colignola,route_2012,43.68931,10.43838,147
52200,Hotel Galilei Pisa,Pizzeria Colignola,route_2012,43.68951,10.4381,148
52201,Hotel Galilei Pisa,Pizzeria Colignola,route_2012,43.68966,10.43786,149
52202,Hotel Galilei Pisa,Pizzeria Colignola,route_2012,43.68986,10.43754,150
52203,Hotel Galilei Pisa,Pizzeria Colignola,route_2012,43.69009,10.43731,151
52204,Hotel Galilei Pisa,Pizzeria Colignola,route_2012,43.69041,10.43685,152
52205,Hotel Galilei Pisa,Pizzeria Colignola,route_2012,43.69084,10.43626,153
52206,Hotel Galilei Pisa,Pizzeria Colignola,route_2012,43.69122,10.43574,154
52207,Hotel Galilei Pisa,Pizzeria Colignola,route_2012,43.69133,10.43561,155
52208,Hotel Galilei Pisa,Pizzeria Colignola,route_2012,43.69154,10.43545,156
52209,Hotel Galilei Pisa,Pizzeria Colignola,route_2012,43.69173,10.43534,157
52210,Hotel Galilei Pisa,Pizzeria Colignola,route_2012,43.69218,10.43514,158
52211,Hotel Galilei Pisa,Pizzeria Colignola,route_2012,43.69423,10.43501,159
52212,Hotel Galilei Pisa,Pizzeria Colignola,route_2012,43.69469,10.43501,160
52213,Hotel Galilei Pisa,Pizzeria Colignola,route_2012,43.69497,10.43503,161
52214,Hotel Galilei Pisa,Pizzeria Colignola,route_2012,43.69541,10.4351,162
52215,Hotel Galilei Pisa,Pizzeria Colignola,route_2012,43.69567,10.43515,163
52216,Hotel Galilei Pisa,Pizzeria Colignola,route_2012,43.69872,10.43612,164
52217,Hotel Galilei Pisa,Pizzeria Colignola,route_2012,43.69899,10.43619,165
52218,Hotel Galilei Pisa,Pizzeria Colignola,route_2012,43.69918,10.43622,166
52219,Hotel Galilei Pisa,Pizzeria Colignola,route_2012,43.69966,10.43625,167
52220,Hotel Galilei Pisa,Pizzeria Colignola,route_2012,43.70007,10.43624,168
52221,Hotel Galilei Pisa,Pizzeria Colignola,route_2012,43.70016,10.43626,169
52222,Hotel Galilei Pisa,Pizzeria Colignola,route_2012,43.70025,10.43631,170
52223,Hotel Galilei Pisa,Pizzeria Colignola,route_2012,43.7003,10.43638,171
52224,Hotel Galilei Pisa,Pizzeria Colignola,route_2012,43.70033,10.43641,172
52225,Hotel Galilei Pisa,Pizzeria Colignola,route_2012,43.70037,10.43643,173
52226,Hotel Galilei Pisa,Pizzeria Colignola,route_2012,43.70045,10.43643,174
52227,Hotel Galilei Pisa,Pizzeria Colignola,route_2012,43.70053,10.4364,175
52228,Hotel Galilei Pisa,Pizzeria Colignola,route_2012,43.70067,10.43624,176
52229,Hotel Galilei Pisa,Pizzeria Colignola,route_2012,43.70071,10.43621,177
52230,Hotel Galilei Pisa,Pizzeria Colignola,route_2012,43.70082,10.43617,178
52231,Hotel Galilei Pisa,Pizzeria Colignola,route_2012,43.70576,10.43573,179
52232,Hotel Galilei Pisa,Pizzeria Colignola,route_2012,43.70593,10.43572,180
52233,Hotel Galilei Pisa,Pizzeria Colignola,route_2012,43.70606,10.43573,181
52234,Hotel Galilei Pisa,Pizzeria Colignola,route_2012,43.70621,10.43575,182
52235,Hotel Galilei Pisa,Pizzeria Colignola,route_2012,43.70654,10.43586,183
52236,Hotel Galilei Pisa,Pizzeria Colignola,route_2012,43.70664,10.43588,184
52237,Hotel Galilei Pisa,Pizzeria Colignola,route_2012,43.70672,10.43591,185
52238,Hotel Galilei Pisa,Pizzeria Colignola,route_2012,43.70679,10.43592,186
52239,Hotel Galilei Pisa,Pizzeria Colignola,route_2012,43.70685,10.4359,187
52240,Hotel Galilei Pisa,Pizzeria Colignola,route_2012,43.70695,10.43584,188
52241,Hotel Galilei Pisa,Pizzeria Colignola,route_2012,43.70699,10.43578,189
52242,Hotel Galilei Pisa,Pizzeria Colignola,route_2012,43.70703,10.4357,190
52243,Hotel Galilei Pisa,Pizzeria Colignola,route_2012,43.70706,10.43561,191
52244,Hotel Galilei Pisa,Pizzeria Colignola,route_2012,43.70706,10.43547,192
52245,Hotel Galilei Pisa,Pizzeria Colignola,route_2012,43.70706,10.43542,193
52246,Hotel Galilei Pisa,Pizzeria Colignola,route_2012,43.70707,10.43485,194
52247,Hotel Galilei Pisa,Pizzeria Colignola,route_2012,43.70708,10.43473,195
52248,Hotel Galilei Pisa,Pizzeria Colignola,route_2012,43.70713,10.43444,196
52249,Hotel Galilei Pisa,Pizzeria Colignola,route_2012,43.70718,10.43425,197
52250,Hotel Galilei Pisa,Pizzeria Colignola,route_2012,43.70873,10.42994,198
52251,Hotel Galilei Pisa,Pizzeria Colignola,route_2012,43.70889,10.43004,199
52252,Hotel Galilei Pisa,Pizzeria Colignola,route_2012,43.70906,10.42954,200
52253,Hotel Galilei Pisa,Supermercato Coop Ghezzano,route_2013,43.69324,10.38662,0
52254,Hotel Galilei Pisa,Supermercato Coop Ghezzano,route_2013,43.69557,10.38764,1
52255,Hotel Galilei Pisa,Supermercato Coop Ghezzano,route_2013,43.69573,10.38775,2
52256,Hotel Galilei Pisa,Supermercato Coop Ghezzano,route_2013,43.69582,10.38784,3
52257,Hotel Galilei Pisa,Supermercato Coop Ghezzano,route_2013,43.69587,10.38794,4
52258,Hotel Galilei Pisa,Supermercato Coop Ghezzano,route_2013,43.6959,10.38802,5
52259,Hotel Galilei Pisa,Supermercato Coop Ghezzano,route_2013,43.69594,10.38808,6
52260,Hotel Galilei Pisa,Supermercato Coop Ghezzano,route_2013,43.69602,10.38814,7
52261,Hotel Galilei Pisa,Supermercato Coop Ghezzano,route_2013,43.69611,10.38815,8
52262,Hotel Galilei Pisa,Supermercato Coop Ghezzano,route_2013,43.69617,10.38813,9
52263,Hotel Galilei Pisa,Supermercato Coop Ghezzano,route_2013,43.69622,10.38808,10
52264,Hotel Galilei Pisa,Supermercato Coop Ghezzano,route_2013,43.69632,10.38803,11
52265,Hotel Galilei Pisa,Supermercato Coop Ghezzano,route_2013,43.69638,10.38803,12
52266,Hotel Galilei Pisa,Supermercato Coop Ghezzano,route_2013,43.69653,10.38806,13
52267,Hotel Galilei Pisa,Supermercato Coop Ghezzano,route_2013,43.69779,10.38864,14
52268,Hotel Galilei Pisa,Supermercato Coop Ghezzano,route_2013,43.69794,10.38869,15
52269,Hotel Galilei Pisa,Supermercato Coop Ghezzano,route_2013,43.6985,10.38892,16
52270,Hotel Galilei Pisa,Supermercato Coop Ghezzano,route_2013,43.69871,10.38897,17
52271,Hotel Galilei Pisa,Supermercato Coop Ghezzano,route_2013,43.69895,10.38902,18
52272,Hotel Galilei Pisa,Supermercato Coop Ghezzano,route_2013,43.6992,10.38905,19
52273,Hotel Galilei Pisa,Supermercato Coop Ghezzano,route_2013,43.69932,10.38913,20
52274,Hotel Galilei Pisa,Supermercato Coop Ghezzano,route_2013,43.69937,10.38917,21
52275,Hotel Galilei Pisa,Supermercato Coop Ghezzano,route_2013,43.6994,10.38925,22
52276,Hotel Galilei Pisa,Supermercato Coop Ghezzano,route_2013,43.69944,10.3893,23
52277,Hotel Galilei Pisa,Supermercato Coop Ghezzano,route_2013,43.6995,10.3893,24
52278,Hotel Galilei Pisa,Supermercato Coop Ghezzano,route_2013,43.69955,10.38928,25
52279,Hotel Galilei Pisa,Supermercato Coop Ghezzano,route_2013,43.69959,10.38922,26
52280,Hotel Galilei Pisa,Supermercato Coop Ghezzano,route_2013,43.6996,10.38916,27
52281,Hotel Galilei Pisa,Supermercato Coop Ghezzano,route_2013,43.69977,10.38903,28
52282,Hotel Galilei Pisa,Supermercato Coop Ghezzano,route_2013,43.69995,10.38902,29
52283,Hotel Galilei Pisa,Supermercato Coop Ghezzano,route_2013,43.70017,10.38897,30
52284,Hotel Galilei Pisa,Supermercato Coop Ghezzano,route_2013,43.70059,10.38883,31
52285,Hotel Galilei Pisa,Supermercato Coop Ghezzano,route_2013,43.70098,10.38865,32
52286,Hotel Galilei Pisa,Supermercato Coop Ghezzano,route_2013,43.70116,10.38855,33
52287,Hotel Galilei Pisa,Supermercato Coop Ghezzano,route_2013,43.70152,10.38831,34
52288,Hotel Galilei Pisa,Supermercato Coop Ghezzano,route_2013,43.70195,10.38796,35
52289,Hotel Galilei Pisa,Supermercato Coop Ghezzano,route_2013,43.70218,10.38777,36
52290,Hotel Galilei Pisa,Supermercato Coop Ghezzano,route_2013,43.70243,10.38759,37
52291,Hotel Galilei Pisa,Supermercato Coop Ghezzano,route_2013,43.70275,10.38734,38
52292,Hotel Galilei Pisa,Supermercato Coop Ghezzano,route_2013,43.70284,10.38726,39
52293,Hotel Galilei Pisa,Supermercato Coop Ghezzano,route_2013,43.70302,10.38699,40
52294,Hotel Galilei Pisa,Supermercato Coop Ghezzano,route_2013,43.70308,10.38696,41
52295,Hotel Galilei Pisa,Supermercato Coop Ghezzano,route_2013,43.70312,10.3869,42
52296,Hotel Galilei Pisa,Supermercato Coop Ghezzano,route_2013,43.70339,10.38672,43
52297,Hotel Galilei Pisa,Supermercato Coop Ghezzano,route_2013,43.70371,10.3866,44
52298,Hotel Galilei Pisa,Supermercato Coop Ghezzano,route_2013,43.70409,10.38652,45
52299,Hotel Galilei Pisa,Supermercato Coop Ghezzano,route_2013,43.70729,10.38573,46
52300,Hotel Galilei Pisa,Supermercato Coop Ghezzano,route_2013,43.70739,10.38574,47
52301,Hotel Galilei Pisa,Supermercato Coop Ghezzano,route_2013,43.70837,10.3855,48
52302,Hotel Galilei Pisa,Supermercato Coop Ghezzano,route_2013,43.70852,10.38545,49
52303,Hotel Galilei Pisa,Supermercato Coop Ghezzano,route_2013,43.70865,10.38544,50
52304,Hotel Galilei Pisa,Supermercato Coop Ghezzano,route_2013,43.70871,10.38549,51
52305,Hotel Galilei Pisa,Supermercato Coop Ghezzano,route_2013,43.70875,10.38551,52
52306,Hotel Galilei Pisa,Supermercato Coop Ghezzano,route_2013,43.70879,10.38552,53
52307,Hotel Galilei Pisa,Supermercato Coop Ghezzano,route_2013,43.70883,10.3855,54
52308,Hotel Galilei Pisa,Supermercato Coop Ghezzano,route_2013,43.70888,10.38544,55
52309,Hotel Galilei Pisa,Supermercato Coop Ghezzano,route_2013,43.70898,10.38537,56
52310,Hotel Galilei Pisa,Supermercato Coop Ghezzano,route_2013,43.70908,10.38529,57
52311,Hotel Galilei Pisa,Supermercato Coop Ghezzano,route_2013,43.70928,10.38523,58
52312,Hotel Galilei Pisa,Supermercato Coop Ghezzano,route_2013,43.70998,10.38502,59
52313,Hotel Galilei Pisa,Supermercato Coop Ghezzano,route_2013,43.71043,10.3849,60
52314,Hotel Galilei Pisa,Supermercato Coop Ghezzano,route_2013,43.71106,10.38465,61
52315,Hotel Galilei Pisa,Supermercato Coop Ghezzano,route_2013,43.71172,10.38437,62
52316,Hotel Galilei Pisa,Supermercato Coop Ghezzano,route_2013,43.71177,10.38437,63
52317,Hotel Galilei Pisa,Supermercato Coop Ghezzano,route_2013,43.71182,10.38436,64
52318,Hotel Galilei Pisa,Supermercato Coop Ghezzano,route_2013,43.71262,10.38783,65
52319,Hotel Galilei Pisa,Supermercato Coop Ghezzano,route_2013,43.71273,10.38822,66
52320,Hotel Galilei Pisa,Supermercato Coop Ghezzano,route_2013,43.71275,10.38828,67
52321,Hotel Galilei Pisa,Supermercato Coop Ghezzano,route_2013,43.7128,10.38836,68
52322,Hotel Galilei Pisa,Supermercato Coop Ghezzano,route_2013,43.71286,10.38841,69
52323,Hotel Galilei Pisa,Supermercato Coop Ghezzano,route_2013,43.71292,10.38844,70
52324,Hotel Galilei Pisa,Supermercato Coop Ghezzano,route_2013,43.71297,10.38844,71
52325,Hotel Galilei Pisa,Supermercato Coop Ghezzano,route_2013,43.71301,10.38844,72
52326,Hotel Galilei Pisa,Supermercato Coop Ghezzano,route_2013,43.71319,10.38837,73
52327,Hotel Galilei Pisa,Supermercato Coop Ghezzano,route_2013,43.71324,10.38836,74
52328,Hotel Galilei Pisa,Supermercato Coop Ghezzano,route_2013,43.71326,10.38838,75
52329,Hotel Galilei Pisa,Supermercato Coop Ghezzano,route_2013,43.71327,10.38842,76
52330,Hotel Galilei Pisa,Supermercato Coop Ghezzano,route_2013,43.7133,10.38857,77
52331,Hotel Galilei Pisa,Supermercato Coop Ghezzano,route_2013,43.71332,10.38861,78
52332,Hotel Galilei Pisa,Supermercato Coop Ghezzano,route_2013,43.71337,10.38876,79
52333,Hotel Galilei Pisa,Supermercato Coop Ghezzano,route_2013,43.71341,10.38881,80
52334,Hotel Galilei Pisa,Supermercato Coop Ghezzano,route_2013,43.71346,10.38884,81
52335,Hotel Galilei Pisa,Supermercato Coop Ghezzano,route_2013,43.71349,10.38879,82
52336,Hotel Galilei Pisa,Supermercato Coop Ghezzano,route_2013,43.71368,10.38866,83
52337,Hotel Galilei Pisa,Supermercato Coop Ghezzano,route_2013,43.71541,10.38785,84
52338,Hotel Galilei Pisa,Supermercato Coop Ghezzano,route_2013,43.71552,10.38782,85
52339,Hotel Galilei Pisa,Supermercato Coop Ghezzano,route_2013,43.71563,10.38783,86
52340,Hotel Galilei Pisa,Supermercato Coop Ghezzano,route_2013,43.71573,10.38784,87
52341,Hotel Galilei Pisa,Supermercato Coop Ghezzano,route_2013,43.71589,10.38791,88
52342,Hotel Galilei Pisa,Supermercato Coop Ghezzano,route_2013,43.716,10.38799,89
52343,Hotel Galilei Pisa,Supermercato Coop Ghezzano,route_2013,43.71818,10.38945,90
52344,Hotel Galilei Pisa,Supermercato Coop Ghezzano,route_2013,43.72147,10.39162,91
52345,Hotel Galilei Pisa,Supermercato Coop Ghezzano,route_2013,43.7218,10.39181,92
52346,Hotel Galilei Pisa,Supermercato Coop Ghezzano,route_2013,43.72197,10.39191,93
52347,Hotel Galilei Pisa,Supermercato Coop Ghezzano,route_2013,43.72264,10.3922,94
52348,Hotel Galilei Pisa,Supermercato Coop Ghezzano,route_2013,43.72271,10.39222,95
52349,Hotel Galilei Pisa,Supermercato Coop Ghezzano,route_2013,43.72283,10.39223,96
52350,Hotel Galilei Pisa,Supermercato Coop Ghezzano,route_2013,43.72295,10.39222,97
52351,Hotel Galilei Pisa,Supermercato Coop Ghezzano,route_2013,43.72306,10.39219,98
52352,Hotel Galilei Pisa,Supermercato Coop Ghezzano,route_2013,43.72369,10.3919,99
52353,Hotel Galilei Pisa,Supermercato Coop Ghezzano,route_2013,43.72486,10.3913,100
52354,Hotel Galilei Pisa,Supermercato Coop Ghezzano,route_2013,43.72489,10.39135,101
52355,Hotel Galilei Pisa,Supermercato Coop Ghezzano,route_2013,43.72494,10.39137,102
52356,Hotel Galilei Pisa,Supermercato Coop Ghezzano,route_2013,43.72497,10.39185,103
52357,Hotel Galilei Pisa,Supermercato Coop Ghezzano,route_2013,43.72497,10.39193,104
52358,Hotel Galilei Pisa,Supermercato Coop Ghezzano,route_2013,43.72495,10.39213,105
52359,Hotel Galilei Pisa,Supermercato Coop Ghezzano,route_2013,43.7249,10.3925,106
52360,Hotel Galilei Pisa,Supermercato Coop Ghezzano,route_2013,43.72469,10.39364,107
52361,Hotel Galilei Pisa,Supermercato Coop Ghezzano,route_2013,43.72409,10.39685,108
52362,Hotel Galilei Pisa,Supermercato Coop Ghezzano,route_2013,43.724,10.39723,109
52363,Hotel Galilei Pisa,Supermercato Coop Ghezzano,route_2013,43.72359,10.39853,110
52364,Hotel Galilei Pisa,Supermercato Coop Ghezzano,route_2013,43.72347,10.39894,111
52365,Hotel Galilei Pisa,Supermercato Coop Ghezzano,route_2013,43.72284,10.40176,112
52366,Hotel Galilei Pisa,Supermercato Coop Ghezzano,route_2013,43.72371,10.40559,113
52367,Hotel Galilei Pisa,Supermercato Coop Ghezzano,route_2013,43.72411,10.40731,114
52368,Hotel Galilei Pisa,Supermercato Coop Ghezzano,route_2013,43.72438,10.4084,115
52369,Hotel Galilei Pisa,Supermercato Coop Ghezzano,route_2013,43.72441,10.40848,116
52370,Hotel Galilei Pisa,Supermercato Coop Ghezzano,route_2013,43.72446,10.40882,117
52371,Hotel Galilei Pisa,Supermercato Coop Ghezzano,route_2013,43.72444,10.40889,118
52372,Hotel Galilei Pisa,Supermercato Coop Ghezzano,route_2013,43.72443,10.40894,119
52373,Hotel Galilei Pisa,Supermercato Coop Ghezzano,route_2013,43.72444,10.409,120
52374,Hotel Galilei Pisa,Supermercato Coop Ghezzano,route_2013,43.72445,10.40904,121
52375,Hotel Galilei Pisa,Supermercato Coop Ghezzano,route_2013,43.72447,10.40908,122
52376,Hotel Galilei Pisa,Supermercato Coop Ghezzano,route_2013,43.7245,10.40912,123
52377,Hotel Galilei Pisa,Supermercato Coop Ghezzano,route_2013,43.72453,10.40914,124
52378,Hotel Galilei Pisa,Supermercato Coop Ghezzano,route_2013,43.7246,10.40923,125
52379,Hotel Galilei Pisa,Supermercato Coop Ghezzano,route_2013,43.72461,10.40929,126
52380,Hotel Galilei Pisa,Supermercato Coop Ghezzano,route_2013,43.72461,10.40939,127
52381,Hotel Galilei Pisa,Supermercato Coop Ghezzano,route_2013,43.72457,10.40954,128
52382,Hotel Galilei Pisa,Supermercato Coop Ghezzano,route_2013,43.72457,10.40959,129
52383,Hotel Galilei Pisa,Supermercato Coop Ghezzano,route_2013,43.72459,10.40963,130
52384,Hotel Galilei Pisa,Supermercato Coop Ghezzano,route_2013,43.72463,10.40966,131
52385,Hotel Galilei Pisa,Supermercato Coop Ghezzano,route_2013,43.72467,10.40966,132
52386,Hotel Galilei Pisa,Supermercato Coop Ghezzano,route_2013,43.72473,10.4097,133
52387,Hotel Galilei Pisa,Supermercato Coop Ghezzano,route_2013,43.72478,10.40975,134
52388,Hotel Galilei Pisa,Supermercato Coop Ghezzano,route_2013,43.72505,10.41095,135
52389,Hotel Galilei Pisa,Supermercato Coop Ghezzano,route_2013,43.7251,10.41115,136
52390,Hotel Galilei Pisa,Supermercato Coop Ghezzano,route_2013,43.72526,10.41164,137
52391,Hotel Galilei Pisa,Supermercato Coop Ghezzano,route_2013,43.72559,10.41258,138
52392,Hotel Galilei Pisa,Supermercato Coop Ghezzano,route_2013,43.72575,10.41297,139
52393,Hotel Galilei Pisa,Supermercato Coop Ghezzano,route_2013,43.72588,10.41326,140
52394,Hotel Galilei Pisa,Supermercato Coop Ghezzano,route_2013,43.72601,10.41349,141
52395,Hotel Galilei Pisa,Supermercato Coop Ghezzano,route_2013,43.7266,10.41445,142
52396,Hotel Galilei Pisa,Supermercato Coop Ghezzano,route_2013,43.72708,10.4152,143
52397,Hotel Galilei Pisa,Supermercato Coop Ghezzano,route_2013,43.72754,10.41589,144
52398,Hotel Galilei Pisa,Supermercato Coop Ghezzano,route_2013,43.7279,10.41645,145
52399,Hotel Galilei Pisa,Supermercato Coop Ghezzano,route_2013,43.72876,10.41784,146
52400,Hotel Galilei Pisa,Supermercato Coop Ghezzano,route_2013,43.72895,10.41813,147
52401,Hotel Galilei Pisa,Supermercato Coop Ghezzano,route_2013,43.72912,10.41838,148
52402,Hotel Galilei Pisa,Supermercato Coop Ghezzano,route_2013,43.72928,10.41859,149
52403,Hotel Galilei Pisa,Supermercato Coop Ghezzano,route_2013,43.72977,10.41915,150
52404,Hotel Galilei Pisa,Supermercato Coop Ghezzano,route_2013,43.73018,10.41974,151
52405,Hotel Galilei Pisa,Supermercato Coop Ghezzano,route_2013,43.73053,10.42022,152
52406,Hotel Galilei Pisa,Supermercato Coop Ghezzano,route_2013,43.731,10.42078,153
52407,Hotel Galilei Pisa,Supermercato Coop Ghezzano,route_2013,43.73117,10.42097,154
52408,Hotel Galilei Pisa,Supermercato Coop Ghezzano,route_2013,43.73142,10.42118,155
52409,Hotel Galilei Pisa,Supermercato Coop Ghezzano,route_2013,43.7317,10.42135,156
52410,Hotel Galilei Pisa,Supermercato Coop Ghezzano,route_2013,43.73218,10.42157,157
52411,Hotel Galilei Pisa,Supermercato Coop Ghezzano,route_2013,43.7323,10.42161,158
52412,Hotel Galilei Pisa,Supermercato Coop Ghezzano,route_2013,43.73258,10.42172,159
52413,Hotel Galilei Pisa,Supermercato Coop Ghezzano,route_2013,43.73403,10.42247,160
52414,Hotel Galilei Pisa,Supermercato Coop Ghezzano,route_2013,43.73481,10.42281,161
52415,Hotel Galilei Pisa,Supermercato Coop Ghezzano,route_2013,43.73512,10.42297,162
52416,Hotel Galilei Pisa,Supermercato Coop Ghezzano,route_2013,43.73745,10.42427,163
52417,Hotel Galilei Pisa,Supermercato Coop Ghezzano,route_2013,43.73784,10.42447,164
52418,Hotel Galilei Pisa,Supermercato Coop Ghezzano,route_2013,43.73894,10.42498,165
52419,Hotel Galilei Pisa,Supermercato Coop Ghezzano,route_2013,43.73901,10.42476,166
52420,Hotel Galilei Pisa,Supermercato Coop Ghezzano,route_2013,43.73953,10.4232,167
52421,Hotel Galilei Pisa,Supermercato Coop Ghezzano,route_2013,43.73969,10.42332,168
52422,Hotel Galilei Pisa,Supermercato Coop Ghezzano,route_2013,43.74021,10.42396,169
52423,Hotel Galilei Pisa,Supermercato Coop Ghezzano,route_2013,43.7407,10.42452,170
52424,Hotel Galilei Pisa,Supermercato Coop Ghezzano,route_2013,43.74089,10.42477,171
52425,Hotel Galilei Pisa,Supermercato Coop Ghezzano,route_2013,43.74123,10.42503,172
52426,Hotel Galilei Pisa,Supermercato Coop Ghezzano,route_2013,43.74147,10.42519,173
52427,Pizzeria Pisanova,Torre,route_2014,43.71009,10.41323,0
52428,Pizzeria Pisanova,Torre,route_2014,43.71037,10.41529,1
52429,Pizzeria Pisanova,Torre,route_2014,43.71068,10.41746,2
52430,Pizzeria Pisanova,Torre,route_2014,43.71091,10.41974,3
52431,Pizzeria Pisanova,Torre,route_2014,43.7109,10.4199,4
52432,Pizzeria Pisanova,Torre,route_2014,43.71092,10.4202,5
52433,Pizzeria Pisanova,Torre,route_2014,43.71094,10.42031,6
52434,Pizzeria Pisanova,Torre,route_2014,43.71098,10.42043,7
52435,Pizzeria Pisanova,Torre,route_2014,43.71101,10.42058,8
52436,Pizzeria Pisanova,Torre,route_2014,43.711,10.42062,9
52437,Pizzeria Pisanova,Torre,route_2014,43.71101,10.42067,10
52438,Pizzeria Pisanova,Torre,route_2014,43.71103,10.4207,11
52439,Pizzeria Pisanova,Torre,route_2014,43.71105,10.42071,12
52440,Pizzeria Pisanova,Torre,route_2014,43.71109,10.4207,13
52441,Pizzeria Pisanova,Torre,route_2014,43.71111,10.42068,14
52442,Pizzeria Pisanova,Torre,route_2014,43.71156,10.42078,15
52443,Pizzeria Pisanova,Torre,route_2014,43.71281,10.42107,16
52444,Pizzeria Pisanova,Torre,route_2014,43.71497,10.42159,17
52445,Pizzeria Pisanova,Torre,route_2014,43.71609,10.42188,18
52446,Pizzeria Pisanova,Torre,route_2014,43.71632,10.4219,19
52447,Pizzeria Pisanova,Torre,route_2014,43.71651,10.42189,20
52448,Pizzeria Pisanova,Torre,route_2014,43.71665,10.42186,21
52449,Pizzeria Pisanova,Torre,route_2014,43.71677,10.42181,22
52450,Pizzeria Pisanova,Torre,route_2014,43.71695,10.42173,23
52451,Pizzeria Pisanova,Torre,route_2014,43.71711,10.42161,24
52452,Pizzeria Pisanova,Torre,route_2014,43.71725,10.42149,25
52453,Pizzeria Pisanova,Torre,route_2014,43.71836,10.42028,26
52454,Pizzeria Pisanova,Torre,route_2014,43.71845,10.42022,27
52455,Pizzeria Pisanova,Torre,route_2014,43.71854,10.42019,28
52456,Pizzeria Pisanova,Torre,route_2014,43.71879,10.42017,29
52457,Pizzeria Pisanova,Torre,route_2014,43.71892,10.42014,30
52458,Pizzeria Pisanova,Torre,route_2014,43.71943,10.42031,31
52459,Pizzeria Pisanova,Torre,route_2014,43.71965,10.42048,32
52460,Pizzeria Pisanova,Torre,route_2014,43.71975,10.42058,33
52461,Pizzeria Pisanova,Torre,route_2014,43.72032,10.42132,34
52462,Pizzeria Pisanova,Torre,route_2014,43.7205,10.42159,35
52463,Pizzeria Pisanova,Torre,route_2014,43.72056,10.42174,36
52464,Pizzeria Pisanova,Torre,route_2014,43.72055,10.42177,37
52465,Pizzeria Pisanova,Torre,route_2014,43.72056,10.42183,38
52466,Pizzeria Pisanova,Torre,route_2014,43.72059,10.42188,39
52467,Pizzeria Pisanova,Torre,route_2014,43.72062,10.42191,40
52468,Pizzeria Pisanova,Torre,route_2014,43.72068,10.42192,41
52469,Pizzeria Pisanova,Torre,route_2014,43.72071,10.4219,42
52470,Pizzeria Pisanova,Torre,route_2014,43.72073,10.42188,43
52471,Pizzeria Pisanova,Torre,route_2014,43.72076,10.42182,44
52472,Pizzeria Pisanova,Torre,route_2014,43.72076,10.42177,45
52473,Pizzeria Pisanova,Torre,route_2014,43.72076,10.42173,46
52474,Pizzeria Pisanova,Torre,route_2014,43.72073,10.42167,47
52475,Pizzeria Pisanova,Torre,route_2014,43.72076,10.42139,48
52476,Pizzeria Pisanova,Torre,route_2014,43.72088,10.42104,49
52477,Pizzeria Pisanova,Torre,route_2014,43.72134,10.41937,50
52478,Pizzeria Pisanova,Torre,route_2014,43.72172,10.41809,51
52479,Pizzeria Pisanova,Torre,route_2014,43.7222,10.41633,52
52480,Pizzeria Pisanova,Torre,route_2014,43.72232,10.41585,53
52481,Pizzeria Pisanova,Torre,route_2014,43.72243,10.41575,54
52482,Pizzeria Pisanova,Torre,route_2014,43.72249,10.41571,55
52483,Pizzeria Pisanova,Torre,route_2014,43.72255,10.41568,56
52484,Pizzeria Pisanova,Torre,route_2014,43.72259,10.41569,57
52485,Pizzeria Pisanova,Torre,route_2014,43.72263,10.4157,58
52486,Pizzeria Pisanova,Torre,route_2014,43.72268,10.41575,59
52487,Pizzeria Pisanova,Torre,route_2014,43.72272,10.41581,60
52488,Pizzeria Pisanova,Torre,route_2014,43.72277,10.41589,61
52489,Pizzeria Pisanova,Torre,route_2014,43.72282,10.41595,62
52490,Pizzeria Pisanova,Torre,route_2014,43.72291,10.41599,63
52491,Pizzeria Pisanova,Torre,route_2014,43.72298,10.41598,64
52492,Pizzeria Pisanova,Torre,route_2014,43.72305,10.41595,65
52493,Pizzeria Pisanova,Torre,route_2014,43.72309,10.4159,66
52494,Pizzeria Pisanova,Torre,route_2014,43.72314,10.41583,67
52495,Pizzeria Pisanova,Torre,route_2014,43.72316,10.41574,68
52496,Pizzeria Pisanova,Torre,route_2014,43.72317,10.41566,69
52497,Pizzeria Pisanova,Torre,route_2014,43.72316,10.41557,70
52498,Pizzeria Pisanova,Torre,route_2014,43.72314,10.41552,71
52499,Pizzeria Pisanova,Torre,route_2014,43.72309,10.41542,72
52500,Pizzeria Pisanova,Torre,route_2014,43.72308,10.41523,73
52501,Pizzeria Pisanova,Torre,route_2014,43.72311,10.41503,74
52502,Pizzeria Pisanova,Torre,route_2014,43.72325,10.41453,75
52503,Pizzeria Pisanova,Torre,route_2014,43.72446,10.41,76
52504,Pizzeria Pisanova,Torre,route_2014,43.72452,10.40984,77
52505,Pizzeria Pisanova,Torre,route_2014,43.72457,10.40975,78
52506,Pizzeria Pisanova,Torre,route_2014,43.72462,10.40969,79
52507,Pizzeria Pisanova,Torre,route_2014,43.72467,10.40966,80
52508,Pizzeria Pisanova,Torre,route_2014,43.7247,10.40964,81
52509,Pizzeria Pisanova,Torre,route_2014,43.72472,10.40959,82
52510,Pizzeria Pisanova,Torre,route_2014,43.72472,10.40954,83
52511,Pizzeria Pisanova,Torre,route_2014,43.72468,10.40937,84
52512,Pizzeria Pisanova,Torre,route_2014,43.72467,10.40928,85
52513,Pizzeria Pisanova,Torre,route_2014,43.72467,10.4092,86
52514,Pizzeria Pisanova,Torre,route_2014,43.72467,10.4091,87
52515,Pizzeria Pisanova,Torre,route_2014,43.72471,10.40903,88
52516,Pizzeria Pisanova,Torre,route_2014,43.72472,10.40896,89
52517,Pizzeria Pisanova,Torre,route_2014,43.72471,10.40886,90
52518,Pizzeria Pisanova,Torre,route_2014,43.72467,10.40879,91
52519,Pizzeria Pisanova,Torre,route_2014,43.72462,10.40875,92
52520,Pizzeria Pisanova,Torre,route_2014,43.72455,10.40875,93
52521,Pizzeria Pisanova,Torre,route_2014,43.72447,10.40862,94
52522,Pizzeria Pisanova,Torre,route_2014,43.72441,10.40848,95
52523,Pizzeria Pisanova,Torre,route_2014,43.72438,10.4084,96
52524,Pizzeria Pisanova,Torre,route_2014,43.72411,10.40731,97
52525,Pizzeria Pisanova,Torre,route_2014,43.72371,10.40559,98
52526,Pizzeria Pisanova,Torre,route_2014,43.72284,10.40176,99
52527,Pizzeria Pisanova,Torre,route_2014,43.72346,10.39899,100
52528,Pizzeria Pisanova,Torre,route_2014,43.72359,10.39853,101
52529,Pizzeria Pisanova,Torre,route_2014,43.72344,10.39844,102
52530,Pizzeria Pisanova,Torre,route_2014,43.72295,10.39822,103
52531,Pizzeria Pisanova,Torre,route_2014,43.723,10.39797,104
52532,Pizzeria Pisanova,Stazione Pisa Centrale,route_2015,43.71009,10.41323,0
52533,Pizzeria Pisanova,Stazione Pisa Centrale,route_2015,43.70997,10.41245,1
52534,Pizzeria Pisanova,Stazione Pisa Centrale,route_2015,43.70992,10.41199,2
52535,Pizzeria Pisanova,Stazione Pisa Centrale,route_2015,43.70991,10.41172,3
52536,Pizzeria Pisanova,Stazione Pisa Centrale,route_2015,43.7099,10.41147,4
52537,Pizzeria Pisanova,Stazione Pisa Centrale,route_2015,43.70994,10.41066,5
52538,Pizzeria Pisanova,Stazione Pisa Centrale,route_2015,43.70995,10.41058,6
52539,Pizzeria Pisanova,Stazione Pisa Centrale,route_2015,43.71002,10.41043,7
52540,Pizzeria Pisanova,Stazione Pisa Centrale,route_2015,43.71006,10.4104,8
52541,Pizzeria Pisanova,Stazione Pisa Centrale,route_2015,43.71008,10.41036,9
52542,Pizzeria Pisanova,Stazione Pisa Centrale,route_2015,43.7101,10.41032,10
52543,Pizzeria Pisanova,Stazione Pisa Centrale,route_2015,43.71011,10.41027,11
52544,Pizzeria Pisanova,Stazione Pisa Centrale,route_2015,43.71011,10.41022,12
52545,Pizzeria Pisanova,Stazione Pisa Centrale,route_2015,43.7101,10.41017,13
52546,Pizzeria Pisanova,Stazione Pisa Centrale,route_2015,43.71009,10.41013,14
52547,Pizzeria Pisanova,Stazione Pisa Centrale,route_2015,43.71006,10.41009,15
52548,Pizzeria Pisanova,Stazione Pisa Centrale,route_2015,43.71002,10.41005,16
52549,Pizzeria Pisanova,Stazione Pisa Centrale,route_2015,43.70998,10.40978,17
52550,Pizzeria Pisanova,Stazione Pisa Centrale,route_2015,43.71007,10.40776,18
52551,Pizzeria Pisanova,Stazione Pisa Centrale,route_2015,43.71014,10.40774,19
52552,Pizzeria Pisanova,Stazione Pisa Centrale,route_2015,43.71018,10.40769,20
52553,Pizzeria Pisanova,Stazione Pisa Centrale,route_2015,43.71019,10.40765,21
52554,Pizzeria Pisanova,Stazione Pisa Centrale,route_2015,43.7102,10.4076,22
52555,Pizzeria Pisanova,Stazione Pisa Centrale,route_2015,43.71019,10.40752,23
52556,Pizzeria Pisanova,Stazione Pisa Centrale,route_2015,43.71017,10.40749,24
52557,Pizzeria Pisanova,Stazione Pisa Centrale,route_2015,43.71014,10.40745,25
52558,Pizzeria Pisanova,Stazione Pisa Centrale,route_2015,43.7101,10.40743,26
52559,Pizzeria Pisanova,Stazione Pisa Centrale,route_2015,43.71008,10.40743,27
52560,Pizzeria Pisanova,Stazione Pisa Centrale,route_2015,43.71015,10.4061,28
52561,Pizzeria Pisanova,Stazione Pisa Centrale,route_2015,43.71019,10.4058,29
52562,Pizzeria Pisanova,Stazione Pisa Centrale,route_2015,43.71021,10.40573,30
52563,Pizzeria Pisanova,Stazione Pisa Centrale,route_2015,43.71027,10.40559,31
52564,Pizzeria Pisanova,Stazione Pisa Centrale,route_2015,43.7104,10.4055,32
52565,Pizzeria Pisanova,Stazione Pisa Centrale,route_2015,43.71043,10.40545,33
52566,Pizzeria Pisanova,Stazione Pisa Centrale,route_2015,43.71044,10.40536,34
52567,Pizzeria Pisanova,Stazione Pisa Centrale,route_2015,43.71044,10.4053,35
52568,Pizzeria Pisanova,Stazione Pisa Centrale,route_2015,43.71041,10.40524,36
52569,Pizzeria Pisanova,Stazione Pisa Centrale,route_2015,43.71035,10.4052,37
52570,Pizzeria Pisanova,Stazione Pisa Centrale,route_2015,43.7103,10.4052,38
52571,Pizzeria Pisanova,Stazione Pisa Centrale,route_2015,43.71019,10.40527,39
52572,Pizzeria Pisanova,Stazione Pisa Centrale,route_2015,43.7101,10.40527,40
52573,Pizzeria Pisanova,Stazione Pisa Centrale,route_2015,43.71006,10.40525,41
52574,Pizzeria Pisanova,Stazione Pisa Centrale,route_2015,43.70988,10.40513,42
52575,Pizzeria Pisanova,Stazione Pisa Centrale,route_2015,43.70974,10.40502,43
52576,Pizzeria Pisanova,Stazione Pisa Centrale,route_2015,43.70967,10.40492,44
52577,Pizzeria Pisanova,Stazione Pisa Centrale,route_2015,43.70965,10.40486,45
52578,Pizzeria Pisanova,Stazione Pisa Centrale,route_2015,43.70975,10.40422,46
52579,Pizzeria Pisanova,Stazione Pisa Centrale,route_2015,43.70988,10.40324,47
52580,Pizzeria Pisanova,Stazione Pisa Centrale,route_2015,43.70997,10.40252,48
52581,Pizzeria Pisanova,Stazione Pisa Centrale,route_2015,43.70997,10.40207,49
52582,Pizzeria Pisanova,Stazione Pisa Centrale,route_2015,43.70994,10.39992,50
52583,Pizzeria Pisanova,Stazione Pisa Centrale,route_2015,43.70994,10.39905,51
52584,Pizzeria Pisanova,Stazione Pisa Centrale,route_2015,43.70997,10.39904,52
52585,Pizzeria Pisanova,Stazione Pisa Centrale,route_2015,43.71001,10.39899,53
52586,Pizzeria Pisanova,Stazione Pisa Centrale,route_2015,43.71003,10.39892,54
52587,Pizzeria Pisanova,Stazione Pisa Centrale,route_2015,43.71001,10.39885,55
52588,Pizzeria Pisanova,Stazione Pisa Centrale,route_2015,43.70999,10.39882,56
52589,Pizzeria Pisanova,Stazione Pisa Centrale,route_2015,43.70997,10.3988,57
52590,Pizzeria Pisanova,Stazione Pisa Centrale,route_2015,43.71001,10.39838,58
52591,Pizzeria Pisanova,Stazione Pisa Centrale,route_2015,43.71008,10.39813,59
52592,Pizzeria Pisanova,Stazione Pisa Centrale,route_2015,43.7101,10.39807,60
52593,Pizzeria Pisanova,Stazione Pisa Centrale,route_2015,43.71016,10.39794,61
52594,Pizzeria Pisanova,Stazione Pisa Centrale,route_2015,43.71019,10.39794,62
52595,Pizzeria Pisanova,Stazione Pisa Centrale,route_2015,43.71022,10.39792,63
52596,Pizzeria Pisanova,Stazione Pisa Centrale,route_2015,43.71025,10.3979,64
52597,Pizzeria Pisanova,Stazione Pisa Centrale,route_2015,43.71027,10.39786,65
52598,Pizzeria Pisanova,Stazione Pisa Centrale,route_2015,43.71028,10.39781,66
52599,Pizzeria Pisanova,Stazione Pisa Centrale,route_2015,43.71028,10.39777,67
52600,Pizzeria Pisanova,Stazione Pisa Centrale,route_2015,43.71027,10.39772,68
52601,Pizzeria Pisanova,Stazione Pisa Centrale,route_2015,43.71025,10.39769,69
52602,Pizzeria Pisanova,Stazione Pisa Centrale,route_2015,43.71022,10.39766,70
52603,Pizzeria Pisanova,Stazione Pisa Centrale,route_2015,43.71018,10.39764,71
52604,Pizzeria Pisanova,Stazione Pisa Centrale,route_2015,43.71016,10.39755,72
52605,Pizzeria Pisanova,Stazione Pisa Centrale,route_2015,43.71014,10.39743,73
52606,Pizzeria Pisanova,Stazione Pisa Centrale,route_2015,43.71033,10.39616,74
52607,Pizzeria Pisanova,Stazione Pisa Centrale,route_2015,43.71012,10.39608,75
52608,Pizzeria Pisanova,Stazione Pisa Centrale,route_2015,43.70953,10.39581,76
52609,Pizzeria Pisanova,Stazione Pisa Centrale,route_2015,43.70918,10.39565,77
52610,Pizzeria Pisanova,Stazione Pisa Centrale,route_2015,43.70897,10.39558,78
52611,Pizzeria Pisanova,Stazione Pisa Centrale,route_2015,43.70892,10.39609,79
52612,Pizzeria Pisanova,Stazione Pisa Centrale,route_2015,43.70892,10.3962,80
52613,Pizzeria Pisanova,Stazione Pisa Centrale,route_2015,43.70894,10.3963,81
52614,Pizzeria Pisanova,Stazione Pisa Centrale,route_2015,43.70875,10.39738,82
52615,Pizzeria Pisanova,Universita di Pisa,route_2016,43.71009,10.41323,0
52616,Pizzeria Pisanova,Universita di Pisa,route_2016,43.70997,10.41245,1
52617,Pizzeria Pisanova,Universita di Pisa,route_2016,43.70992,10.41199,2
52618,Pizzeria Pisanova,Universita di Pisa,route_2016,43.70991,10.41172,3
52619,Pizzeria Pisanova,Universita di Pisa,route_2016,43.7099,10.41147,4
52620,Pizzeria Pisanova,Universita di Pisa,route_2016,43.70994,10.41066,5
52621,Pizzeria Pisanova,Universita di Pisa,route_2016,43.70995,10.41058,6
52622,Pizzeria Pisanova,Universita di Pisa,route_2016,43.71002,10.41043,7
52623,Pizzeria Pisanova,Universita di Pisa,route_2016,43.71006,10.4104,8
52624,Pizzeria Pisanova,Universita di Pisa,route_2016,43.71008,10.41036,9
52625,Pizzeria Pisanova,Universita di Pisa,route_2016,43.7101,10.41032,10
52626,Pizzeria Pisanova,Universita di Pisa,route_2016,43.71011,10.41027,11
52627,Pizzeria Pisanova,Universita di Pisa,route_2016,43.71011,10.41022,12
52628,Pizzeria Pisanova,Universita di Pisa,route_2016,43.7101,10.41017,13
52629,Pizzeria Pisanova,Universita di Pisa,route_2016,43.71009,10.41013,14
52630,Pizzeria Pisanova,Universita di Pisa,route_2016,43.71006,10.41009,15
52631,Pizzeria Pisanova,Universita di Pisa,route_2016,43.71002,10.41005,16
52632,Pizzeria Pisanova,Universita di Pisa,route_2016,43.70998,10.40978,17
52633,Pizzeria Pisanova,Universita di Pisa,route_2016,43.71007,10.40776,18
52634,Pizzeria Pisanova,Universita di Pisa,route_2016,43.71014,10.40774,19
52635,Pizzeria Pisanova,Universita di Pisa,route_2016,43.71018,10.40769,20
52636,Pizzeria Pisanova,Universita di Pisa,route_2016,43.71027,10.40767,21
52637,Pizzeria Pisanova,Universita di Pisa,route_2016,43.71063,10.40769,22
52638,Pizzeria Pisanova,Universita di Pisa,route_2016,43.71112,10.40773,23
52639,Pizzeria Pisanova,Universita di Pisa,route_2016,43.71118,10.40776,24
52640,Pizzeria Pisanova,Universita di Pisa,route_2016,43.71127,10.40782,25
52641,Pizzeria Pisanova,Universita di Pisa,route_2016,43.71131,10.40786,26
52642,Pizzeria Pisanova,Universita di Pisa,route_2016,43.71138,10.40789,27
52643,Pizzeria Pisanova,Universita di Pisa,route_2016,43.71204,10.40793,28
52644,Pizzeria Pisanova,Universita di Pisa,route_2016,43.71261,10.40789,29
52645,Pizzeria Pisanova,Universita di Pisa,route_2016,43.71299,10.40783,30
52646,Pizzeria Pisanova,Universita di Pisa,route_2016,43.71305,10.40781,31
52647,Pizzeria Pisanova,Universita di Pisa,route_2016,43.71307,10.40778,32
52648,Pizzeria Pisanova,Universita di Pisa,route_2016,43.7139,10.40851,33
52649,Pizzeria Pisanova,Universita di Pisa,route_2016,43.7141,10.40867,34
52650,Pizzeria Pisanova,Universita di Pisa,route_2016,43.71421,10.40873,35
52651,Pizzeria Pisanova,Universita di Pisa,route_2016,43.7147,10.40895,36
52652,Pizzeria Pisanova,Universita di Pisa,route_2016,43.71478,10.40897,37
52653,Pizzeria Pisanova,Universita di Pisa,route_2016,43.71514,10.40902,38
52654,Pizzeria Pisanova,Universita di Pisa,route_2016,43.71597,10.40908,39
52655,Pizzeria Pisanova,Universita di Pisa,route_2016,43.71617,10.40905,40
52656,Pizzeria Pisanova,Universita di Pisa,route_2016,43.71637,10.40896,41
52657,Pizzeria Pisanova,Universita di Pisa,route_2016,43.7167,10.40875,42
52658,Pizzeria Pisanova,Universita di Pisa,route_2016,43.7168,10.40872,43
52659,Pizzeria Pisanova,Universita di Pisa,route_2016,43.71686,10.40874,44
52660,Pizzeria Pisanova,Universita di Pisa,route_2016,43.71695,10.40879,45
52661,Pizzeria Pisanova,Universita di Pisa,route_2016,43.71862,10.41041,46
52662,Pizzeria Pisanova,Universita di Pisa,route_2016,43.71872,10.41046,47
52663,Pizzeria Pisanova,Universita di Pisa,route_2016,43.71879,10.41046,48
52664,Pizzeria Pisanova,Universita di Pisa,route_2016,43.71868,10.40905,49
52665,Pizzeria Pisanova,Universita di Pisa,route_2016,43.7186,10.40806,50
52666,Pizzeria Pisanova,Via Aretino Spinello 11,route_2017,43.71009,10.41323,0
52667,Pizzeria Pisanova,Via Aretino Spinello 11,route_2017,43.70997,10.41245,1
52668,Pizzeria Pisanova,Via Aretino Spinello 11,route_2017,43.70992,10.41199,2
52669,Pizzeria Pisanova,Via Aretino Spinello 11,route_2017,43.70991,10.41172,3
52670,Pizzeria Pisanova,Via Aretino Spinello 11,route_2017,43.7099,10.41147,4
52671,Pizzeria Pisanova,Via Aretino Spinello 11,route_2017,43.70994,10.41066,5
52672,Pizzeria Pisanova,Via Aretino Spinello 11,route_2017,43.70995,10.41058,6
52673,Pizzeria Pisanova,Via Aretino Spinello 11,route_2017,43.71002,10.41043,7
52674,Pizzeria Pisanova,Via Aretino Spinello 11,route_2017,43.71006,10.4104,8
52675,Pizzeria Pisanova,Via Aretino Spinello 11,route_2017,43.71008,10.41036,9
52676,Pizzeria Pisanova,Via Aretino Spinello 11,route_2017,43.7101,10.41032,10
52677,Pizzeria Pisanova,Via Aretino Spinello 11,route_2017,43.71011,10.41027,11
52678,Pizzeria Pisanova,Via Aretino Spinello 11,route_2017,43.71011,10.41022,12
52679,Pizzeria Pisanova,Via Aretino Spinello 11,route_2017,43.7101,10.41017,13
52680,Pizzeria Pisanova,Via Aretino Spinello 11,route_2017,43.71009,10.41013,14
52681,Pizzeria Pisanova,Via Aretino Spinello 11,route_2017,43.71006,10.41009,15
52682,Pizzeria Pisanova,Via Aretino Spinello 11,route_2017,43.71002,10.41005,16
52683,Pizzeria Pisanova,Via Aretino Spinello 11,route_2017,43.70998,10.40978,17
52684,Pizzeria Pisanova,Via Aretino Spinello 11,route_2017,43.71007,10.40776,18
52685,Pizzeria Pisanova,Via Aretino Spinello 11,route_2017,43.71014,10.40774,19
52686,Pizzeria Pisanova,Via Aretino Spinello 11,route_2017,43.71018,10.40769,20
52687,Pizzeria Pisanova,Via Aretino Spinello 11,route_2017,43.71027,10.40767,21
52688,Pizzeria Pisanova,Via Aretino Spinello 11,route_2017,43.71063,10.40769,22
52689,Pizzeria Pisanova,Via Aretino Spinello 11,route_2017,43.71112,10.40773,23
52690,Pizzeria Pisanova,Via Aretino Spinello 11,route_2017,43.71118,10.40776,24
52691,Pizzeria Pisanova,Via Aretino Spinello 11,route_2017,43.71127,10.40782,25
52692,Pizzeria Pisanova,Via Aretino Spinello 11,route_2017,43.71131,10.40786,26
52693,Pizzeria Pisanova,Via Aretino Spinello 11,route_2017,43.71138,10.40789,27
52694,Pizzeria Pisanova,Via Aretino Spinello 11,route_2017,43.71204,10.40793,28
52695,Pizzeria Pisanova,Via Aretino Spinello 11,route_2017,43.71261,10.40789,29
52696,Pizzeria Pisanova,Via Aretino Spinello 11,route_2017,43.71299,10.40783,30
52697,Pizzeria Pisanova,Via Aretino Spinello 11,route_2017,43.71305,10.40781,31
52698,Pizzeria Pisanova,Via Aretino Spinello 11,route_2017,43.71307,10.40778,32
52699,Pizzeria Pisanova,Via Aretino Spinello 11,route_2017,43.7136,10.40622,33
52700,Pizzeria Pisanova,Via Aretino Spinello 11,route_2017,43.71372,10.40591,34
52701,Pizzeria Pisanova,Via Aretino Spinello 11,route_2017,43.71412,10.40501,35
52702,Pizzeria Pisanova,Via Aretino Spinello 11,route_2017,43.71493,10.40327,36
52703,Pizzeria Pisanova,Via Aretino Spinello 11,route_2017,43.71526,10.4025,37
52704,Pizzeria Pisanova,Via Aretino Spinello 11,route_2017,43.7154,10.40214,38
52705,Pizzeria Pisanova,Via Aretino Spinello 11,route_2017,43.71551,10.40181,39
52706,Pizzeria Pisanova,Via Aretino Spinello 11,route_2017,43.71566,10.40129,40
52707,Pizzeria Pisanova,Via Aretino Spinello 11,route_2017,43.7157,10.40111,41
52708,Pizzeria Pisanova,Via Aretino Spinello 11,route_2017,43.71576,10.40067,42
52709,Pizzeria Pisanova,Via Aretino Spinello 11,route_2017,43.7158,10.40037,43
52710,Pizzeria Pisanova,Via Aretino Spinello 11,route_2017,43.71551,10.40027,44
52711,Pizzeria Pisanova,Via Aretino Spinello 11,route_2017,43.71527,10.40016,45
52712,Pizzeria Pisanova,Via Aretino Spinello 11,route_2017,43.71522,10.40016,46
52713,Pizzeria Pisanova,Via Aretino Spinello 11,route_2017,43.71507,10.40011,47
52714,Pizzeria Pisanova,Via Aretino Spinello 11,route_2017,43.71498,10.40006,48
